rowid,occurred_on,tipo,amount_cents,descricao,categoria
0,2024-02-05,receita,39440,Payment from DR JOHN CLARKE,Salário
1,2024-02-05,despesa,39440,To Joana Palminha,Transferências internas
2,2024-02-19,receita,77538,Payment from DR JOHN CLARKE,Salário
3,2024-02-19,despesa,77538,To Joana Palminha,Transferências internas
4,2024-03-04,receita,77538,Payment from DR JOHN CLARKE,Salário
5,2024-03-04,despesa,77538,To Joana Palminha,Transferências internas
6,2024-03-09,receita,5000,Payment from JOANA FILIPA COSTA PALMINHA,Transferências internas
7,2024-03-11,despesa,1399,Guineys,Compras e Roupa
8,2024-03-18,receita,316667,Payment from DR JOHN CLARKE,Salário
9,2024-03-18,despesa,317268,To Joana Palminha,Transferências internas
10,2024-03-20,receita,700,Payment from JOANA FILIPA COSTA PALMINHA,Transferências internas
11,2024-03-21,despesa,550,Nom Treats Thomas St,Lazer
12,2024-03-23,receita,4000,Payment from JOANA FILIPA COSTA PALMINHA,Transferências internas
13,2024-04-02,receita,134226,Payment from DR JOHN CLARKE,Salário
14,2024-04-02,despesa,134300,To Joana Palminha,Transferências internas
15,2024-04-15,receita,133643,Payment from DR JOHN CLARKE,Salário
16,2024-04-16,despesa,133700,To Joana Palminha,Transferências internas
17,2024-04-21,receita,2000,Payment from JOANA FILIPA COSTA PALMINHA,Transferências internas
18,2024-04-21,receita,2000,Payment from JOANA FILIPA COSTA PALMINHA,Transferências internas
19,2024-04-23,despesa,1800,Penneys,Compras e Roupa
20,2024-04-23,despesa,1200,Cex Limerick,Compras e Roupa
21,2024-04-29,receita,133644,Payment from DR JOHN CLARKE,Salário
22,2024-04-29,despesa,56000,To Joana Palminha,Transferências internas
23,2024-04-30,despesa,78500,To Michael Quinn,Moradia
24,2024-05-13,receita,133643,Payment from DR JOHN CLARKE,Salário
25,2024-05-13,despesa,133800,To Joana Palminha,Transferências internas
26,2024-05-27,receita,133643,Payment from DR JOHN CLARKE,Salário
27,2024-05-27,despesa,55100,To Joana Palminha,Transferências internas
28,2024-06-03,despesa,78500,To Michael Quinn,Moradia
29,2024-06-10,receita,133644,Payment from DR JOHN CLARKE,Salário
30,2024-06-10,despesa,133600,To Joana Palminha,Transferências internas
31,2024-06-24,receita,133643,Payment from DR JOHN CLARKE,Salário
32,2024-06-24,despesa,55100,To Joana Palminha,Transferências internas
33,2024-06-28,despesa,78500,To Michael Quinn,Moradia
34,2024-07-08,receita,133644,Payment from DR JOHN CLARKE,Salário
35,2024-07-09,despesa,133700,To Joana Palminha,Transferências internas
36,2024-07-22,receita,133643,Payment from DR JOHN CLARKE,Salário
37,2024-07-22,despesa,55200,To Joana Palminha,Transferências internas
38,2024-07-30,despesa,78500,To Michael Quinn,Moradia
39,2024-08-05,receita,133643,Payment from DR JOHN CLARKE,Salário
40,2024-08-05,despesa,133600,To Joana Palminha,Transferências internas
41,2024-08-19,receita,133644,Payment from DR JOHN CLARKE,Salário
42,2024-08-19,despesa,55100,To Joana Palminha,Transferências internas
43,2024-08-30,despesa,78500,To Michael Quinn,Moradia
44,2024-09-02,receita,133643,Payment from DR JOHN CLARKE,Salário
45,2024-09-02,despesa,133753,To Joana Palminha,Transferências internas
46,2024-09-16,receita,133644,Payment from DR JOHN CLARKE,Salário
47,2024-09-16,despesa,55100,To Joana Palminha,Transferências internas
48,2024-09-29,despesa,3800,Brown Thomas,Compras e Roupa
49,2024-09-30,receita,133643,Payment from DR JOHN CLARKE,Salário
50,2024-09-30,despesa,129800,To Joana Palminha,Transferências internas
51,2024-10-01,despesa,78500,To Michael Quinn,Moradia
52,2024-10-14,receita,138081,Payment from DR JOHN CLARKE,Salário
53,2024-10-14,despesa,138100,To Joana Palminha,Transferências internas
54,2024-10-14,receita,500,Payment from JOANA FILIPA COSTA PALMINHA,Transferências internas
55,2024-10-15,despesa,500,To Joana Palminha irl,Transferências internas
56,2024-10-28,receita,138080,Payment from DR JOHN CLARKE,Salário
57,2024-10-28,despesa,59648,To Joana Palminha,Transferências internas
58,2024-10-29,despesa,78500,To Michael Quinn,Moradia
59,2024-11-11,receita,138081,Payment from DR JOHN CLARKE,Salário
60,2024-11-12,despesa,138081,To Joana Palminha,Transferências internas
61,2024-11-25,receita,138080,Payment from DR JOHN CLARKE,Salário
62,2024-11-25,despesa,59080,To Joana Palminha,Transferências internas
63,2024-11-26,despesa,500,To Joana Palminha irl,Transferências internas
64,2024-11-26,despesa,78500,To Michael Quinn,Moradia
65,2024-12-09,receita,138081,Payment from DR JOHN CLARKE,Salário
66,2024-12-10,despesa,136481,To Joana Palminha,Transferências internas
67,2024-12-10,despesa,1600,To Joana Palminha irl,Transferências internas
68,2024-12-23,receita,138080,Payment from DR JOHN CLARKE,Salário
69,2024-12-24,despesa,59000,To Joana Palminha,Transferências internas
70,2024-12-30,despesa,500,To Joana Palminha irl,Transferências internas
71,2024-12-30,despesa,78500,To Michael Quinn,Moradia
72,2025-01-02,receita,250000,Personal loan,Outras receitas
73,2025-01-02,despesa,4400,Personal loan - tax,Empréstimos e Dívidas
74,2025-01-02,despesa,245600,To Sonia Maria Ferreira Costa,Outras despesas
75,2025-01-06,receita,139384,Payment from DR JOHN CLARKE,Salário
76,2025-01-07,despesa,139400,To Joana Palminha,Transferências internas
77,2025-01-20,receita,139384,Payment from DR JOHN CLARKE,Salário
78,2025-01-21,despesa,10000,To Sonia Maria Ferreira Costa,Outras despesas
79,2025-01-21,despesa,35800,To Joana Palminha,Transferências internas
80,2025-01-28,despesa,78500,To Michael Quinn,Moradia
81,2025-02-02,despesa,15071,repayment,Empréstimos e Dívidas
82,2025-02-03,receita,139384,Payment from DR JOHN CLARKE,Salário
83,2025-02-03,despesa,139400,To Joana Palminha,Transferências internas
84,2025-02-17,receita,139385,Payment from DR JOHN CLARKE,Salário
85,2025-02-19,despesa,35800,To Joana Palminha,Transferências internas
86,2025-02-19,despesa,10000,To Sonia Maria Ferreira Costa,Outras despesas
87,2025-02-28,despesa,78500,To Michael Quinn,Moradia
88,2025-03-02,despesa,15071,repayment,Empréstimos e Dívidas
89,2025-03-03,receita,158614,Payment from DR JOHN CLARKE,Salário
90,2025-03-03,despesa,158600,To Joana Palminha,Transferências internas
91,2025-03-17,receita,143230,Payment from DR JOHN CLARKE,Salário
92,2025-03-17,despesa,49700,To Joana Palminha,Transferências internas
93,2025-03-31,despesa,78500,To Michael Quinn,Moradia
94,2025-03-31,receita,143230,Payment from DR JOHN CLARKE,Salário
95,2025-03-31,despesa,143200,To Joana Palminha,Transferências internas
96,2025-04-02,despesa,15071,repayment,Empréstimos e Dívidas
97,2025-04-14,receita,143230,Payment from DR JOHN CLARKE,Salário
98,2025-04-14,despesa,133300,To Joana Palminha,Transferências internas
99,2025-04-18,despesa,10000,Savings Vault topup,Transferências internas
100,2025-04-25,receita,1,Interest earned - Flexible Cash Funds,Rendimentos
101,2025-04-27,receita,1,Interest earned - Flexible Cash Funds,Rendimentos
102,2025-04-28,receita,143230,Payment from DR JOHN CLARKE,Salário
103,2025-04-28,despesa,49500,To Joana Palminha,Transferências internas
104,2025-04-29,despesa,78500,To Michael Quinn,Moradia
105,2025-04-30,receita,1,Interest earned - Flexible Cash Funds,Rendimentos
106,2025-05-02,despesa,15071,repayment,Empréstimos e Dívidas
107,2025-05-02,receita,1,Interest earned - Flexible Cash Funds,Rendimentos
108,2025-05-04,receita,1,Interest earned - Flexible Cash Funds,Rendimentos
109,2025-05-07,receita,3000,From Flexible Cash Funds,Transferências internas
110,2025-05-07,despesa,2500,To investment account,Transferências internas
111,2025-05-07,receita,7000,From Flexible Cash Funds,Transferências internas
112,2025-05-07,despesa,2000,To investment account,Transferências internas
113,2025-05-07,receita,2000,Top Up,Transferências internas
114,2025-05-07,despesa,2000,To investment account,Transferências internas
115,2025-05-07,despesa,5000,To investment account,Transferências internas
116,2025-05-07,despesa,600,To investment account,Transferências internas
117,2025-05-07,receita,2452,Amundi PEA S&amp;P 500 UCITS ETF EUR Hedged Acc LYY1,Investimentos
118,2025-05-07,despesa,2500,LYY1,Investimentos
119,2025-05-07,despesa,2000,LYY1,Investimentos
120,2025-05-07,receita,1,Interest earned - Flexible Cash Funds,Rendimentos
121,2025-05-12,receita,143231,Payment from DR JOHN CLARKE,Salário
122,2025-05-12,despesa,20000,To investment account,Transferências internas
123,2025-05-12,despesa,123200,To Joana Palminha,Transferências internas
124,2025-05-18,receita,1000,Top Up,Transferências internas
125,2025-05-18,receita,1000,Top Up,Transferências internas
126,2025-05-18,despesa,600,To investment account,Transferências internas
127,2025-05-19,despesa,320,Vista,Lazer
128,2025-05-19,receita,200000,Payment from JOANA FILIPA COSTA PALMINHA,Transferências internas
129,2025-05-19,despesa,200000,Savings Vault topup,Transferências internas
130,2025-05-20,receita,10000,From Flexible Cash Funds,Transferências internas
131,2025-05-20,receita,320000,Payment from JOANA FILIPA COSTA PALMINHA,Transferências internas
132,2025-05-20,despesa,322078,Savings Vault topup,Transferências internas
133,2025-05-21,receita,10000,From Flexible Cash Funds,Transferências internas
134,2025-05-21,despesa,8000,Newroadclinic,Saúde
135,2025-05-21,receita,8,Interest earned - Flexible Cash Funds,Rendimentos
136,2025-05-22,despesa,100,BDS Vending,Alimentação
137,2025-05-22,receita,30000,Payment from JOANA FILIPA COSTA PALMINHA,Transferências internas
138,2025-05-22,despesa,35000,Savings Vault topup,Transferências internas
139,2025-05-22,receita,20,Interest earned - Flexible Cash Funds,Rendimentos
140,2025-05-23,receita,20,Interest earned - Flexible Cash Funds,Rendimentos
141,2025-05-24,despesa,739,SPAR Food & Fuel,Supermercado
142,2025-05-24,receita,21,Interest earned - Flexible Cash Funds,Rendimentos
143,2025-05-25,despesa,835,Tesco,Supermercado
144,2025-05-25,despesa,1480,KC & Son & Sons,Alimentação
145,2025-05-25,receita,2000,Top Up,Transferências internas
146,2025-05-25,receita,22,Interest earned - Flexible Cash Funds,Rendimentos
147,2025-05-26,despesa,1850,SPAR Food & Fuel,Supermercado
148,2025-05-26,despesa,360,Daybreak,Supermercado
149,2025-05-26,despesa,250,Daybreak,Supermercado
150,2025-05-26,despesa,575,Centra,Supermercado
151,2025-05-26,receita,143230,Payment from DR JOHN CLARKE,Salário
152,2025-05-26,despesa,40000,To Sonia Maria Ferreira Costa,Outras despesas
153,2025-05-26,receita,21,Interest earned - Flexible Cash Funds,Rendimentos
154,2025-05-27,despesa,78500,To Michael Quinn,Moradia
155,2025-05-27,receita,21,Interest earned - Flexible Cash Funds,Rendimentos
156,2025-05-28,despesa,4428,Tesco,Supermercado
157,2025-05-28,receita,22,Interest earned - Flexible Cash Funds,Rendimentos
158,2025-05-29,despesa,2455,Gala,Alimentação
159,2025-05-29,despesa,6000,To Sonia Maria Ferreira Costa,Outras despesas
160,2025-05-29,receita,21,Interest earned - Flexible Cash Funds,Rendimentos
161,2025-05-30,receita,20000,Top Up,Transferências internas
162,2025-05-30,receita,4000,Top Up,Transferências internas
163,2025-05-30,receita,21,Interest earned - Flexible Cash Funds,Rendimentos
164,2025-05-31,despesa,10000,HSE,Saúde
165,2025-05-31,receita,22,Interest earned - Flexible Cash Funds,Rendimentos
166,2025-06-01,despesa,150,Dealz,Compras e Roupa
167,2025-06-01,despesa,79,Lidl,Supermercado
168,2025-06-01,despesa,600,Old Oak,Lazer
169,2025-06-01,despesa,1770,McDonald's,Alimentação fora
170,2025-06-01,receita,21,Interest earned - Flexible Cash Funds,Rendimentos
171,2025-06-02,despesa,15071,repayment,Empréstimos e Dívidas
172,2025-06-02,despesa,600,Old Oak,Lazer
173,2025-06-02,despesa,720,Daybreak,Supermercado
174,2025-06-02,despesa,700,The Old Town Whiskey Bar at Bodega,Lazer
175,2025-06-02,despesa,200,Centra,Supermercado
176,2025-06-02,despesa,1540,McDonald's,Alimentação fora
177,2025-06-02,receita,21,Interest earned - Flexible Cash Funds,Rendimentos
178,2025-06-03,despesa,784,SPAR Food & Fuel,Supermercado
179,2025-06-03,receita,15000,From Flexible Cash Funds,Transferências internas
180,2025-06-03,despesa,2000,To Joana Palminha,Transferências internas
181,2025-06-03,receita,21,Interest earned - Flexible Cash Funds,Rendimentos
182,2025-06-04,receita,22,Interest earned - Flexible Cash Funds,Rendimentos
183,2025-06-05,despesa,3825,Dealz,Compras e Roupa
184,2025-06-05,despesa,1640,24/7 Shop,Supermercado
185,2025-06-05,despesa,165,An Post,Outras despesas
186,2025-06-05,despesa,500,Transport for Ireland - TFI,Transporte
187,2025-06-05,despesa,1150,Euro Giant,Supermercado
188,2025-06-05,receita,20,Interest earned - Flexible Cash Funds,Rendimentos
189,2025-06-06,despesa,5141,Tesco,Supermercado
190,2025-06-06,receita,10000,From Flexible Cash Funds,Transferências internas
191,2025-06-06,receita,20,Interest earned - Flexible Cash Funds,Rendimentos
192,2025-06-07,despesa,2190,Tesco,Supermercado
193,2025-06-07,despesa,1460,Fine Wines,Lazer
194,2025-06-07,receita,21,Interest earned - Flexible Cash Funds,Rendimentos
195,2025-06-08,despesa,650,Hunters Sports Bar,Lazer
196,2025-06-08,despesa,1000,Hunters Sports Bar,Lazer
197,2025-06-08,despesa,500,Hunters Sports Bar,Lazer
198,2025-06-08,despesa,300,Flying Tiger Copenhagen,Compras e Roupa
199,2025-06-08,despesa,50,Vincents Limerick Furn,Compras e Roupa
200,2025-06-08,receita,70000,From Flexible Cash Funds,Transferências internas
201,2025-06-08,despesa,70000,To Joana Palminha,Transferências internas
202,2025-06-08,despesa,40000,To Flexible Cash Funds,Transferências internas
203,2025-06-08,receita,5000,From Flexible Cash Funds,Transferências internas
204,2025-06-08,receita,5000,From Flexible Cash Funds,Transferências internas
205,2025-06-08,receita,20,Interest earned - Flexible Cash Funds,Rendimentos
206,2025-06-09,despesa,630,Mace,Compras e Roupa
207,2025-06-09,despesa,3898,Dunnes Stores,Supermercado
208,2025-06-09,despesa,3490,Lidl,Supermercado
209,2025-06-09,despesa,650,Hunters Sports Bar,Lazer
210,2025-06-09,despesa,200,To Go,Outras despesas
211,2025-06-09,despesa,999,Link Brazil,Supermercado
212,2025-06-09,despesa,1010,Centra,Supermercado
213,2025-06-09,receita,22500,Payment from JOANA FILIPA COSTA PALMINHA,Transferências internas
214,2025-06-09,despesa,28500,To Flexible Cash Funds,Transferências internas
215,2025-06-09,receita,143230,Payment from DR JOHN CLARKE,Salário
216,2025-06-09,receita,143230,Payment from DR JOHN CLARKE,Salário
217,2025-06-09,despesa,100000,To Flexible Cash Funds,Transferências internas
218,2025-06-09,despesa,10000,To Sonia Maria Ferreira Costa,Outras despesas
219,2025-06-09,receita,20,Interest earned - Flexible Cash Funds,Rendimentos
220,2025-06-10,despesa,300,Radisson Blu,Alimentação
221,2025-06-10,receita,1800,Payment from JOANA FILIPA COSTA PALMINHA,Transferências internas
222,2025-06-10,despesa,10000,To Flexible Cash Funds,Transferências internas
223,2025-06-10,receita,18,Interest earned - Flexible Cash Funds,Rendimentos
224,2025-06-11,receita,2200,Payment from JOANA FILIPA COSTA PALMINHA,Transferências internas
225,2025-06-11,despesa,500,Transport for Ireland - TFI,Transporte
226,2025-06-11,despesa,500,Transport for Ireland - TFI,Transporte
227,2025-06-11,receita,24,Interest earned - Flexible Cash Funds,Rendimentos
228,2025-06-12,despesa,1640,24/7 Shop,Supermercado
229,2025-06-12,receita,6140,Payment from JOANA FILIPA COSTA PALMINHA,Transferências internas
230,2025-06-12,despesa,6140,To Flexible Cash Funds,Transferências internas
231,2025-06-12,despesa,143230,To Dr John Clarke,Outras despesas
232,2025-06-12,receita,22,Interest earned - Flexible Cash Funds,Rendimentos
233,2025-06-13,despesa,1700,Irish Citylink,Transporte
234,2025-06-13,despesa,1534,O'Sullivans Pharmacy,Saúde
235,2025-06-13,despesa,3880,Lookfantastic,Compras e Roupa
236,2025-06-13,receita,22,Interest earned - Flexible Cash Funds,Rendimentos
237,2025-06-14,despesa,2270,KC & Son & Sons,Lazer
238,2025-06-14,despesa,145,ALDI,Supermercado
239,2025-06-14,receita,22,Interest earned - Flexible Cash Funds,Rendimentos
240,2025-06-15,despesa,150,Dealz,Compras e Roupa
241,2025-06-15,despesa,500,Dealz,Compras e Roupa
242,2025-06-15,receita,22,Interest earned - Flexible Cash Funds,Rendimentos
243,2025-06-16,receita,22,Interest earned - Flexible Cash Funds,Rendimentos
244,2025-06-17,despesa,2500,Three,Assinaturas e Digital
245,2025-06-17,despesa,2989,Tesco,Supermercado
246,2025-06-17,despesa,2460,Penneys,Compras e Roupa
247,2025-06-17,receita,22,Interest earned - Flexible Cash Funds,Rendimentos
248,2025-06-18,despesa,1640,24/7 Shop,Supermercado
249,2025-06-18,despesa,165,An Post,Outras despesas
250,2025-06-18,receita,6000,Payment from JOANA FILIPA COSTA PALMINHA,Transferências internas
251,2025-06-18,despesa,5000,To Flexible Cash Funds,Transferências internas
252,2025-06-18,receita,22,Interest earned - Flexible Cash Funds,Rendimentos
253,2025-06-19,despesa,1700,Irish Citylink,Transporte
254,2025-06-19,despesa,1025,Temu,Compras e Roupa
255,2025-06-19,receita,21,Interest earned - Flexible Cash Funds,Rendimentos
256,2025-06-20,receita,1500,From Flexible Cash Funds,Transferências internas
257,2025-06-20,despesa,1667,Transfer to ANA PATRICIA FERREIRA COSTA,Moradia
258,2025-06-20,receita,21,Interest earned - Flexible Cash Funds,Rendimentos
259,2025-06-21,despesa,314,SPAR Food & Fuel,Supermercado
260,2025-06-21,receita,2000,From Flexible Cash Funds,Transferências internas
261,2025-06-21,receita,22,Interest earned - Flexible Cash Funds,Rendimentos
262,2025-06-22,despesa,200,Dealz,Compras e Roupa
263,2025-06-22,despesa,500,Transport for Ireland - TFI,Transporte
264,2025-06-22,despesa,500,Transport for Ireland - TFI,Transporte
265,2025-06-22,despesa,404,Spar,Supermercado
266,2025-06-22,receita,1500,From Flexible Cash Funds,Transferências internas
267,2025-06-22,receita,2500,From Flexible Cash Funds,Transferências internas
268,2025-06-22,despesa,2900,To Flexible Cash Funds,Transferências internas
269,2025-06-22,receita,10100,From Flexible Cash Funds,Transferências internas
270,2025-06-22,receita,21,Interest earned - Flexible Cash Funds,Rendimentos
271,2025-06-23,despesa,10099,Sports Direct,Compras e Roupa
272,2025-06-23,despesa,360,Daybreak,Supermercado
273,2025-06-23,despesa,1640,Your Stop Suncroft,Compras e Roupa
274,2025-06-23,receita,4000,From Flexible Cash Funds,Transferências internas
275,2025-06-23,receita,143230,Payment from DR JOHN CLARKE,Salário
276,2025-06-23,despesa,15000,To Joana Palminha,Transferências internas
277,2025-06-23,despesa,50000,To Flexible Cash Funds,Transferências internas
278,2025-06-23,receita,20000,From Flexible Cash Funds,Transferências internas
279,2025-06-23,receita,21,Interest earned - Flexible Cash Funds,Rendimentos
280,2025-06-24,despesa,2000,To Sonia Maria Ferreira Costa,Outras despesas
281,2025-06-24,despesa,3500,Frasers,Compras e Roupa
282,2025-06-24,despesa,2400,Irish Citylink,Transporte
283,2025-06-24,despesa,1000,Pagamento (Gabriel Garcia de Araujo) — 50% de Facebook,Assinaturas e Digital
284,2025-06-24,receita,21,Interest earned - Flexible Cash Funds,Rendimentos
285,2025-06-25,despesa,1200,Dealz,Compras e Roupa
286,2025-06-25,despesa,1779,Tesco,Supermercado
287,2025-06-25,receita,22,Interest earned - Flexible Cash Funds,Rendimentos
288,2025-06-26,receita,21,Interest earned - Flexible Cash Funds,Rendimentos
289,2025-06-27,despesa,78500,To Michael Quinn,Moradia
290,2025-06-27,despesa,1640,24/7 Shop,Supermercado
291,2025-06-27,receita,21,Interest earned - Flexible Cash Funds,Rendimentos
292,2025-06-28,despesa,520,Sos Cookies Dublin,Alimentação
293,2025-06-28,despesa,620,Tesco,Supermercado
294,2025-06-28,despesa,970,To Sonia Maria Ferreira Costa,Outras despesas
295,2025-06-28,despesa,3000,To Sonia Maria Ferreira Costa,Outras despesas
296,2025-06-28,receita,22,Interest earned - Flexible Cash Funds,Rendimentos
297,2025-06-29,receita,15100,From Flexible Cash Funds,Transferências internas
298,2025-06-29,despesa,675,Ryanair,Viagem
299,2025-06-29,despesa,2000,Helter Skelter,Compras e Roupa
300,2025-06-29,receita,21,Interest earned - Flexible Cash Funds,Rendimentos
301,2025-06-30,despesa,867,Continente,Supermercado
302,2025-06-30,despesa,3200,Wells,Compras e Roupa
303,2025-06-30,despesa,1500,To Sonia Maria Ferreira Costa,Outras despesas
304,2025-06-30,despesa,1000,To Joana Palminha,Transferências internas
305,2025-06-30,receita,10000,From Flexible Cash Funds,Transferências internas
306,2025-06-30,receita,22,Interest earned - Flexible Cash Funds,Rendimentos
307,2025-07-01,receita,2788,Payment from JOANA FILIPA COSTA PALMINHA,Transferências internas
308,2025-07-01,despesa,950,A Pastorinha,Lazer
309,2025-07-01,receita,5500,From Flexible Cash Funds,Transferências internas
310,2025-07-01,receita,20,Interest earned - Flexible Cash Funds,Rendimentos
311,2025-07-02,despesa,15071,repayment,Empréstimos e Dívidas
312,2025-07-02,receita,1500,From Flexible Cash Funds,Transferências internas
313,2025-07-02,receita,5500,From Flexible Cash Funds,Transferências internas
314,2025-07-02,despesa,2943,Wok Nagasaki,Alimentação fora
315,2025-07-02,despesa,2944,Wok Nagasaki,Alimentação fora
316,2025-07-02,despesa,760,Taxi Gerard Ho,Viagem
317,2025-07-02,receita,21,Interest earned - Flexible Cash Funds,Rendimentos
318,2025-07-03,despesa,1220,McDonald's,Alimentação fora
319,2025-07-03,despesa,500,Transport for Ireland - TFI,Transporte
320,2025-07-03,despesa,350,Ryanair,Viagem
321,2025-07-03,despesa,5515,Lisbon Duty Free,Viagem
322,2025-07-03,receita,5000,From Flexible Cash Funds,Transferências internas
323,2025-07-03,receita,21,Interest earned - Flexible Cash Funds,Rendimentos
324,2025-07-04,despesa,5598,Ryanair,Viagem
325,2025-07-04,receita,19,Interest earned - Flexible Cash Funds,Rendimentos
326,2025-07-05,despesa,2532,Lidl,Supermercado
327,2025-07-05,receita,20,Interest earned - Flexible Cash Funds,Rendimentos
328,2025-07-06,despesa,1749,Tesco,Supermercado
329,2025-07-06,receita,1400,From Flexible Cash Funds,Transferências internas
330,2025-07-06,receita,300,From Flexible Cash Funds,Transferências internas
331,2025-07-06,despesa,2400,To Joana Palminha,Transferências internas
332,2025-07-06,receita,1600,From Flexible Cash Funds,Transferências internas
333,2025-07-06,despesa,1600,To Joana Palminha,Transferências internas
334,2025-07-06,receita,1000,From Flexible Cash Funds,Transferências internas
335,2025-07-06,receita,19,Interest earned - Flexible Cash Funds,Rendimentos
336,2025-07-07,receita,1400,From Flexible Cash Funds,Transferências internas
337,2025-07-07,despesa,1400,To Joana Palminha,Transferências internas
338,2025-07-07,despesa,749,Guineys,Compras e Roupa
339,2025-07-07,receita,143230,Payment from DR JOHN CLARKE,Salário
340,2025-07-07,despesa,5000,To Sonia Maria Ferreira Costa,Outras despesas
341,2025-07-07,despesa,2500,To Joana Palminha,Transferências internas
342,2025-07-07,despesa,120000,To Flexible Cash Funds,Transferências internas
343,2025-07-07,receita,5700,From Flexible Cash Funds,Transferências internas
344,2025-07-07,receita,20,Interest earned - Flexible Cash Funds,Rendimentos
345,2025-07-08,despesa,1900,Sextons Bar,Lazer
346,2025-07-08,receita,19,Interest earned - Flexible Cash Funds,Rendimentos
347,2025-07-09,receita,23,Interest earned - Flexible Cash Funds,Rendimentos
348,2025-07-10,despesa,6844,Ryanair,Viagem
349,2025-07-10,despesa,2000,To Joana Palminha,Transferências internas
350,2025-07-10,despesa,100,To Joana Palminha,Transferências internas
351,2025-07-10,receita,23,Interest earned - Flexible Cash Funds,Rendimentos
352,2025-07-11,despesa,2450,Dickies,Lazer
353,2025-07-11,despesa,1450,O'Sullivans Pharmacy,Saúde
354,2025-07-11,despesa,1700,Irish Citylink,Transporte
355,2025-07-11,despesa,600,Transfer to Ines De Oliveira Alves Vieira Estrela,Moradia
356,2025-07-11,receita,22,Interest earned - Flexible Cash Funds,Rendimentos
357,2025-07-12,despesa,1660,KC & Son & Sons,Lazer
358,2025-07-12,receita,23,Interest earned - Flexible Cash Funds,Rendimentos
359,2025-07-13,despesa,65,Transport for Ireland - TFI,Transporte
360,2025-07-13,despesa,249,ALDI,Supermercado
361,2025-07-13,receita,154,From Flexible Cash Funds,Transferências internas
362,2025-07-13,receita,23,Interest earned - Flexible Cash Funds,Rendimentos
363,2025-07-14,despesa,65,Transport for Ireland - TFI,Transporte
364,2025-07-14,despesa,2500,Three,Assinaturas e Digital
365,2025-07-14,receita,22,Interest earned - Flexible Cash Funds,Rendimentos
366,2025-07-15,receita,10000,From Flexible Cash Funds,Transferências internas
367,2025-07-15,despesa,1000,To Sonia Maria Ferreira Costa,Outras despesas
368,2025-07-15,receita,23,Interest earned - Flexible Cash Funds,Rendimentos
369,2025-07-16,despesa,1050,Dealz,Compras e Roupa
370,2025-07-16,despesa,2068,Tesco,Supermercado
371,2025-07-16,despesa,3905,Boots,Saúde
372,2025-07-16,despesa,615,O'Sullivans Pharmacy,Saúde
373,2025-07-16,despesa,500,Transport for Ireland - TFI,Transporte
374,2025-07-16,receita,23,Interest earned - Flexible Cash Funds,Rendimentos
375,2025-07-17,despesa,500,To Joana Palminha,Transferências internas
376,2025-07-17,receita,5000,From Flexible Cash Funds,Transferências internas
377,2025-07-17,receita,22,Interest earned - Flexible Cash Funds,Rendimentos
378,2025-07-18,despesa,1696,Tesco,Supermercado
379,2025-07-18,despesa,3418,Tesco,Supermercado
380,2025-07-18,receita,22,Interest earned - Flexible Cash Funds,Rendimentos
381,2025-07-19,receita,500,From Flexible Cash Funds,Transferências internas
382,2025-07-19,receita,3000,From Flexible Cash Funds,Transferências internas
383,2025-07-19,receita,22,Interest earned - Flexible Cash Funds,Rendimentos
384,2025-07-20,despesa,2767,Tesco,Supermercado
385,2025-07-20,despesa,1000,bikeshare,Transporte
386,2025-07-20,receita,1600,From Flexible Cash Funds,Transferências internas
387,2025-07-20,despesa,1800,To Flexible Cash Funds,Transferências internas
388,2025-07-20,receita,1000,From Flexible Cash Funds,Transferências internas
389,2025-07-20,despesa,5800,To Flexible Cash Funds,Transferências internas
390,2025-07-20,receita,22,Interest earned - Flexible Cash Funds,Rendimentos
391,2025-07-21,receita,500,From Flexible Cash Funds,Transferências internas
392,2025-07-21,despesa,500,To Flexible Cash Funds,Transferências internas
393,2025-07-21,receita,143230,Payment from DR JOHN CLARKE,Salário
394,2025-07-21,despesa,16000,To Joana Palminha,Transferências internas
395,2025-07-21,despesa,30000,To Flexible Cash Funds,Transferências internas
396,2025-07-21,despesa,10000,To investment account,Transferências internas
397,2025-07-21,receita,16600,From Flexible Cash Funds,Transferências internas
398,2025-07-21,receita,22,Interest earned - Flexible Cash Funds,Rendimentos
399,2025-07-22,receita,10552,Top Up,Transferências internas
400,2025-07-22,despesa,1700,To Joana Palminha irl,Transferências internas
401,2025-07-22,despesa,10000,Transfer to Ines De Oliveira Alves Vieira Estrela,Moradia
402,2025-07-22,receita,22,Interest earned - Flexible Cash Funds,Rendimentos
403,2025-07-23,despesa,330,An Post,Outras despesas
404,2025-07-23,despesa,7350,CeX,Compras e Roupa
405,2025-07-23,receita,5000,Recebimento (Gabriel Garcia de Araujo) — 50% de Transfer to Ines De Oliveira Alves Vieira Estrela,Outras receitas
406,2025-07-23,despesa,5000,To Flexible Cash Funds,Transferências internas
407,2025-07-23,receita,22,Interest earned - Flexible Cash Funds,Rendimentos
408,2025-07-24,despesa,1700,Irish Citylink,Transporte
409,2025-07-24,despesa,500,Euro Giant,Supermercado
410,2025-07-24,despesa,600,The Works,Compras e Roupa
411,2025-07-24,despesa,300,Pagamento (Gabriel Garcia de Araujo) — 50% de Irish Rail,Transporte
412,2025-07-24,receita,23,Interest earned - Flexible Cash Funds,Rendimentos
413,2025-07-25,despesa,1810,KC & Son & Sons,Lazer
414,2025-07-25,receita,22,Interest earned - Flexible Cash Funds,Rendimentos
415,2025-07-26,despesa,2928,Tesco,Supermercado
416,2025-07-26,receita,23,Interest earned - Flexible Cash Funds,Rendimentos
417,2025-07-27,despesa,645,Tesco,Supermercado
418,2025-07-27,despesa,300,Tesco,Supermercado
419,2025-07-27,despesa,300,Centra,Supermercado
420,2025-07-27,despesa,65,Transport for Ireland - TFI,Transporte
421,2025-07-27,despesa,65,Transport for Ireland - TFI,Transporte
422,2025-07-27,despesa,750,McDonald's,Alimentação fora
423,2025-07-27,receita,22,Interest earned - Flexible Cash Funds,Rendimentos
424,2025-07-28,despesa,78500,To Michael Quinn,Moradia
425,2025-07-28,despesa,65,Transport for Ireland - TFI,Transporte
426,2025-07-28,receita,22,Interest earned - Flexible Cash Funds,Rendimentos
427,2025-07-29,despesa,670,Green Yard Café,Alimentação fora
428,2025-07-29,despesa,229,Transfer to Ines De Oliveira Alves Vieira Estrela,Moradia
429,2025-07-29,receita,23,Interest earned - Flexible Cash Funds,Rendimentos
430,2025-07-30,despesa,400,Eventmaster,Lazer
431,2025-07-30,receita,5000,From Flexible Cash Funds,Transferências internas
432,2025-07-30,despesa,5000,To Flexible Cash Funds,Transferências internas
433,2025-07-30,receita,22,Interest earned - Flexible Cash Funds,Rendimentos
434,2025-07-31,despesa,165,An Post,Outras despesas
435,2025-07-31,despesa,3101,ALDI,Supermercado
436,2025-07-31,receita,5300,From Flexible Cash Funds,Transferências internas
437,2025-07-31,receita,23,Interest earned - Flexible Cash Funds,Rendimentos
438,2025-08-01,despesa,840,Gelato,Alimentação
439,2025-08-01,receita,694,Payment from JOANA FILIPA COSTA PALMINHA,Transferências internas
440,2025-08-01,receita,10000,From Flexible Cash Funds,Transferências internas
441,2025-08-01,despesa,892,ALDI,Supermercado
442,2025-08-01,receita,22,Interest earned - Flexible Cash Funds,Rendimentos
443,2025-08-02,despesa,15071,repayment,Empréstimos e Dívidas
444,2025-08-02,receita,2000,From Flexible Cash Funds,Transferências internas
445,2025-08-02,receita,23,Interest earned - Flexible Cash Funds,Rendimentos
446,2025-08-03,despesa,1379,ALDI,Supermercado
447,2025-08-03,receita,22,Interest earned - Flexible Cash Funds,Rendimentos
448,2025-08-04,receita,1700,From Flexible Cash Funds,Transferências internas
449,2025-08-04,receita,143231,Payment from DR JOHN CLARKE,Salário
450,2025-08-04,despesa,80000,To Flexible Cash Funds,Transferências internas
451,2025-08-04,despesa,10000,To Flexible Cash Funds,Transferências internas
452,2025-08-04,receita,22,Interest earned - Flexible Cash Funds,Rendimentos
453,2025-08-05,despesa,375,Dealz,Compras e Roupa
454,2025-08-05,despesa,1355,Fine Wines,Lazer
455,2025-08-05,receita,22,Interest earned - Flexible Cash Funds,Rendimentos
456,2025-08-06,despesa,10000,To Sonia Maria Ferreira Costa,Outras despesas
457,2025-08-06,despesa,3298,ALDI,Supermercado
458,2025-08-06,despesa,871,Pika,Marketing
459,2025-08-06,receita,16400,From Flexible Cash Funds,Transferências internas
460,2025-08-06,receita,25,Interest earned - Flexible Cash Funds,Rendimentos
461,2025-08-07,despesa,1374,Tesco,Supermercado
462,2025-08-07,despesa,625,Supermac's,Alimentação fora
463,2025-08-07,despesa,3160,Penneys,Compras e Roupa
464,2025-08-07,receita,25,Interest earned - Flexible Cash Funds,Rendimentos
465,2025-08-08,receita,24,Interest earned - Flexible Cash Funds,Rendimentos
466,2025-08-09,receita,24,Interest earned - Flexible Cash Funds,Rendimentos
467,2025-08-10,despesa,3442,ALDI,Supermercado
468,2025-08-10,despesa,359,Tesco,Supermercado
469,2025-08-10,despesa,1070,Luigi's Traditional Fi,Lazer
470,2025-08-10,receita,10000,From Flexible Cash Funds,Transferências internas
471,2025-08-10,despesa,9000,To Flexible Cash Funds,Transferências internas
472,2025-08-10,despesa,500,Transport for Ireland - TFI,Transporte
473,2025-08-10,despesa,2790,Omniplex,Lazer
474,2025-08-10,receita,25,Interest earned - Flexible Cash Funds,Rendimentos
475,2025-08-11,despesa,900,To Flexible Cash Funds,Transferências internas
476,2025-08-11,despesa,2900,Green Yard Café,Alimentação fora
477,2025-08-11,despesa,1370,ALDI,Supermercado
478,2025-08-11,receita,24,Interest earned - Flexible Cash Funds,Rendimentos
479,2025-08-12,despesa,2500,Three,Assinaturas e Digital
480,2025-08-12,despesa,1625,Temu,Compras e Roupa
481,2025-08-12,receita,24,Interest earned - Flexible Cash Funds,Rendimentos
482,2025-08-13,receita,10000,From Flexible Cash Funds,Transferências internas
483,2025-08-13,despesa,4000,To Sonia Maria Ferreira Costa,Outras despesas
484,2025-08-13,despesa,50,To Flexible Cash Funds,Transferências internas
485,2025-08-13,despesa,100,To Flexible Cash Funds,Transferências internas
486,2025-08-13,receita,25,Interest earned - Flexible Cash Funds,Rendimentos
487,2025-08-14,despesa,1700,Irish Citylink,Transporte
488,2025-08-14,despesa,1450,O'Sullivans Pharmacy,Saúde
489,2025-08-14,receita,4000,From Flexible Cash Funds,Transferências internas
490,2025-08-14,despesa,8000,To Flexible Cash Funds,Transferências internas
491,2025-08-14,receita,2000,From Flexible Cash Funds,Transferências internas
492,2025-08-14,despesa,95,To Flexible Cash Funds,Transferências internas
493,2025-08-14,receita,36,Interest earned - Flexible Cash Funds,Rendimentos
494,2025-08-15,despesa,905,SPAR Food & Fuel,Supermercado
495,2025-08-15,despesa,1900,To Flexible Cash Funds,Transferências internas
496,2025-08-15,receita,2500,From Flexible Cash Funds,Transferências internas
497,2025-08-15,despesa,2500,To Flexible Cash Funds,Transferências internas
498,2025-08-15,receita,3900,Payment from JOANA FILIPA COSTA PALMINHA,Transferências internas
499,2025-08-15,despesa,1000,To investment account,Transferências internas
500,2025-08-15,despesa,900,To investment account,Transferências internas
501,2025-08-15,despesa,2000,To Flexible Cash Funds,Transferências internas
502,2025-08-15,receita,2156,Amundi PEA S&amp;P 500 UCITS ETF EUR Hedged Acc LYY1,Investimentos
503,2025-08-15,despesa,4000,QDVE,Investimentos
504,2025-08-15,receita,37,Interest earned - Flexible Cash Funds,Rendimentos
505,2025-08-16,receita,3000,From Flexible Cash Funds,Transferências internas
506,2025-08-16,receita,17700,From Flexible Cash Funds,Transferências internas
507,2025-08-16,despesa,90,To Flexible Cash Funds,Transferências internas
508,2025-08-16,despesa,35,To Flexible Cash Funds,Transferências internas
509,2025-08-16,despesa,100,To Flexible Cash Funds,Transferências internas
510,2025-08-16,receita,10000,From Flexible Cash Funds,Transferências internas
511,2025-08-16,despesa,100,To Flexible Cash Funds,Transferências internas
512,2025-08-16,despesa,13000,To Flexible Cash Funds,Transferências internas
513,2025-08-16,receita,36,Interest earned - Flexible Cash Funds,Rendimentos
514,2025-08-17,despesa,300,Offbeat Donut Co.,Lazer
515,2025-08-17,despesa,10400,The North Face,Compras e Roupa
516,2025-08-17,despesa,65,Transport for Ireland - TFI,Transporte
517,2025-08-17,receita,1500,From Flexible Cash Funds,Transferências internas
518,2025-08-17,despesa,1,To Flexible Cash Funds,Transferências internas
519,2025-08-17,despesa,1500,To Flexible Cash Funds,Transferências internas
520,2025-08-17,receita,37,Interest earned - Flexible Cash Funds,Rendimentos
521,2025-08-18,despesa,310,Daybreak,Supermercado
522,2025-08-18,despesa,399,SPAR Food & Fuel,Supermercado
523,2025-08-18,receita,500,From Flexible Cash Funds,Transferências internas
524,2025-08-18,despesa,48,To Flexible Cash Funds,Transferências internas
525,2025-08-18,receita,1000,From Flexible Cash Funds,Transferências internas
526,2025-08-18,despesa,1000,To Sonia Maria Ferreira Costa,Outras despesas
527,2025-08-18,despesa,452,Temu,Compras e Roupa
528,2025-08-18,receita,5000,From Flexible Cash Funds,Transferências internas
529,2025-08-18,despesa,77,To Flexible Cash Funds,Transferências internas
530,2025-08-18,receita,143230,Payment from DR JOHN CLARKE,Salário
531,2025-08-18,despesa,30000,To Flexible Cash Funds,Transferências internas
532,2025-08-18,despesa,7200,To Flexible Cash Funds,Transferências internas
533,2025-08-18,despesa,200,To Flexible Cash Funds,Transferências internas
534,2025-08-18,despesa,34,To Flexible Cash Funds,Transferências internas
535,2025-08-18,despesa,1,To Flexible Cash Funds,Transferências internas
536,2025-08-18,despesa,78,To Flexible Cash Funds,Transferências internas
537,2025-08-18,receita,36,Interest earned - Flexible Cash Funds,Rendimentos
538,2025-08-19,despesa,8400,To Joana Palminha irl,Transferências internas
539,2025-08-19,despesa,4666,Temu,Compras e Roupa
540,2025-08-19,despesa,1922,UK Visas and Immigration,Viagem
541,2025-08-19,despesa,1099,Netflix,Assinaturas e Digital
542,2025-08-19,receita,6900,Payment from JOANA FILIPA COSTA PALMINHA,Transferências internas
543,2025-08-19,despesa,2623,ALDI,Supermercado
544,2025-08-19,despesa,91,To Flexible Cash Funds,Transferências internas
545,2025-08-19,receita,36,Interest earned - Flexible Cash Funds,Rendimentos
546,2025-08-20,despesa,1609,ALDI,Supermercado
547,2025-08-20,despesa,61,To Flexible Cash Funds,Transferências internas
548,2025-08-20,despesa,61,To Flexible Cash Funds,Transferências internas
549,2025-08-20,receita,37,Interest earned - Flexible Cash Funds,Rendimentos
550,2025-08-21,despesa,1039,Irish Rail,Transporte
551,2025-08-21,despesa,1039,Irish Rail,Transporte
552,2025-08-21,receita,37,Interest earned - Flexible Cash Funds,Rendimentos
553,2025-08-22,despesa,55,To Flexible Cash Funds,Transferências internas
554,2025-08-22,despesa,100,To Flexible Cash Funds,Transferências internas
555,2025-08-22,receita,37,Interest earned - Flexible Cash Funds,Rendimentos
556,2025-08-23,despesa,500,Transport for Ireland - TFI,Transporte
557,2025-08-23,despesa,245,Carriage Food Services,Alimentação
558,2025-08-23,despesa,74,To Flexible Cash Funds,Transferências internas
559,2025-08-23,receita,38,Interest earned - Flexible Cash Funds,Rendimentos
560,2025-08-24,despesa,3226,Polonez,Supermercado
561,2025-08-24,despesa,45,To Flexible Cash Funds,Transferências internas
562,2025-08-24,despesa,100,To Flexible Cash Funds,Transferências internas
563,2025-08-24,despesa,10,To Flexible Cash Funds,Transferências internas
564,2025-08-24,receita,37,Interest earned - Flexible Cash Funds,Rendimentos
565,2025-08-25,despesa,78500,To Michael Quinn,Moradia
566,2025-08-25,despesa,755,Tesco,Supermercado
567,2025-08-25,receita,1056,From Flexible Cash Funds,Transferências internas
568,2025-08-25,despesa,2890,Lookfantastic,Compras e Roupa
569,2025-08-25,despesa,1600,Penneys,Compras e Roupa
570,2025-08-25,despesa,48,To Flexible Cash Funds,Transferências internas
571,2025-08-25,despesa,80,To Flexible Cash Funds,Transferências internas
572,2025-08-25,receita,37,Interest earned - Flexible Cash Funds,Rendimentos
573,2025-08-26,despesa,352,Temu,Compras e Roupa
574,2025-08-26,despesa,1420,ALDI,Supermercado
575,2025-08-26,receita,38,Interest earned - Flexible Cash Funds,Rendimentos
576,2025-08-27,receita,3000,From Flexible Cash Funds,Transferências internas
577,2025-08-27,despesa,3000,To Joana Palminha irl,Transferências internas
578,2025-08-27,despesa,100,To Flexible Cash Funds,Transferências internas
579,2025-08-27,despesa,700,To Joana Palminha irl,Transferências internas
580,2025-08-27,despesa,70,To Flexible Cash Funds,Transferências internas
581,2025-08-27,receita,37,Interest earned - Flexible Cash Funds,Rendimentos
582,2025-08-28,despesa,530,Tesco,Supermercado
583,2025-08-28,despesa,1200,Irish Rail,Transporte
584,2025-08-28,receita,700,Penneys,Reembolso
585,2025-08-28,receita,37,Interest earned - Flexible Cash Funds,Rendimentos
586,2025-08-29,despesa,50,To Flexible Cash Funds,Transferências internas
587,2025-08-29,receita,37,Interest earned - Flexible Cash Funds,Rendimentos
588,2025-08-30,receita,7500,From Flexible Cash Funds,Transferências internas
589,2025-08-30,despesa,40,To Flexible Cash Funds,Transferências internas
590,2025-08-30,despesa,14,To Flexible Cash Funds,Transferências internas
591,2025-08-30,despesa,4,To Flexible Cash Funds,Transferências internas
592,2025-08-30,despesa,150,Penneys,Compras e Roupa
593,2025-08-30,despesa,44,To Flexible Cash Funds,Transferências internas
594,2025-08-30,despesa,95,To Flexible Cash Funds,Transferências internas
595,2025-08-30,despesa,60,To Flexible Cash Funds,Transferências internas
596,2025-08-30,despesa,1386,The Milkman,Lazer
597,2025-08-30,despesa,1160,Bright Bus,Viagem
598,2025-08-30,despesa,656,Premier,Viagem
599,2025-08-30,despesa,84,To Flexible Cash Funds,Transferências internas
600,2025-08-30,receita,37,Interest earned - Flexible Cash Funds,Rendimentos
601,2025-08-31,despesa,1705,Five Guys,Alimentação
602,2025-08-31,despesa,696,St Giles' Cathedral,Viagem
603,2025-08-31,despesa,940,Tesco,Viagem
604,2025-08-31,receita,15500,From Flexible Cash Funds,Transferências internas
605,2025-08-31,despesa,15500,To Joana Palminha,Transferências internas
606,2025-08-31,despesa,5,To Flexible Cash Funds,Transferências internas
607,2025-08-31,despesa,21,To Flexible Cash Funds,Transferências internas
608,2025-08-31,receita,4900,From Flexible Cash Funds,Transferências internas
609,2025-08-31,despesa,47,To Flexible Cash Funds,Transferências internas
610,2025-08-31,despesa,453,Not Just Coffee Wes,Viagem
611,2025-08-31,despesa,579,Book Lovers Bookshop,Lazer
612,2025-08-31,despesa,24,To Flexible Cash Funds,Transferências internas
613,2025-08-31,despesa,83,To Flexible Cash Funds,Transferências internas
614,2025-08-31,despesa,83,To Flexible Cash Funds,Transferências internas
615,2025-08-31,receita,38,Interest earned - Flexible Cash Funds,Rendimentos
616,2025-09-01,despesa,395,Considerit,Alimentação
617,2025-09-01,despesa,582,Midland Bluebird,Viagem
618,2025-09-01,despesa,256,Lothian Buses,Viagem
619,2025-09-01,despesa,900,To Joana Palminha,Transferências internas
620,2025-09-01,receita,143230,Payment from DR JOHN CLARKE,Salário
621,2025-09-01,despesa,60000,To Flexible Cash Funds,Transferências internas
622,2025-09-01,receita,291,Recebimento (Gabriel Garcia de Araujo) — 50% de Midland Bluebird,Outras receitas
623,2025-09-01,receita,580,Recebimento (Gabriel Garcia de Araujo) — 50% de Bright Bus,Outras receitas
624,2025-09-01,receita,227,Recebimento (Gabriel Garcia de Araujo) — 50% de Not Just Coffee Wes,Outras receitas
625,2025-09-01,receita,348,Recebimento (Gabriel Garcia de Araujo) — 50% de St Giles' Cathedral,Outras receitas
626,2025-09-01,receita,328,Recebimento (Gabriel Garcia de Araujo) — 50% de Premier,Outras receitas
627,2025-09-01,receita,470,Recebimento (Gabriel Garcia de Araujo) — 50% de Tesco,Outras receitas
628,2025-09-01,despesa,1120,Pagamento (Gabriel Garcia de Araujo) — 50% de Uber,Viagem
629,2025-09-01,despesa,580,Pagamento (Gabriel Garcia de Araujo) — 50% de Destiny Student,Viagem
630,2025-09-01,despesa,1999,Pagamento (Gabriel Garcia de Araujo) — 50% de Nando's,Viagem
631,2025-09-01,receita,37,Interest earned - Flexible Cash Funds,Rendimentos
632,2025-09-02,despesa,1976,West End Brasserie,Viagem
633,2025-09-02,despesa,15071,repayment,Empréstimos e Dívidas
634,2025-09-02,despesa,60000,To Atlantic Technological University ATU,Educação
635,2025-09-02,despesa,100,To Flexible Cash Funds,Transferências internas
636,2025-09-02,receita,35,Interest earned - Flexible Cash Funds,Rendimentos
637,2025-09-03,despesa,4300,Irish Citylink,Transporte
638,2025-09-03,despesa,43,To Flexible Cash Funds,Transferências internas
639,2025-09-03,receita,2500,From Flexible Cash Funds,Transferências internas
640,2025-09-03,receita,39,Interest earned - Flexible Cash Funds,Rendimentos
641,2025-09-04,receita,2000,Payment from JOANA FILIPA COSTA PALMINHA,Transferências internas
642,2025-09-04,despesa,2000,To Flexible Cash Funds,Transferências internas
643,2025-09-04,despesa,2457,ALDI,Supermercado
644,2025-09-04,receita,600,From Flexible Cash Funds,Transferências internas
645,2025-09-04,receita,1800,From Flexible Cash Funds,Transferências internas
646,2025-09-04,receita,39,Interest earned - Flexible Cash Funds,Rendimentos
647,2025-09-05,receita,39,Interest earned - Flexible Cash Funds,Rendimentos
648,2025-09-06,receita,7700,From Flexible Cash Funds,Transferências internas
649,2025-09-06,despesa,13,To Flexible Cash Funds,Transferências internas
650,2025-09-06,despesa,50,To Flexible Cash Funds,Transferências internas
651,2025-09-06,despesa,40,To Flexible Cash Funds,Transferências internas
652,2025-09-06,receita,10000,From Flexible Cash Funds,Transferências internas
653,2025-09-06,despesa,90,To Flexible Cash Funds,Transferências internas
654,2025-09-06,despesa,70,To Flexible Cash Funds,Transferências internas
655,2025-09-06,receita,38,Interest earned - Flexible Cash Funds,Rendimentos
656,2025-09-07,despesa,150,Dealz,Compras e Roupa
657,2025-09-07,despesa,7510,Penneys,Compras e Roupa
658,2025-09-07,despesa,4,To Flexible Cash Funds,Transferências internas
659,2025-09-07,despesa,35,To Flexible Cash Funds,Transferências internas
660,2025-09-07,despesa,360,Perfect Gifts Of Irela,Compras e Roupa
661,2025-09-07,receita,2000,From Flexible Cash Funds,Transferências internas
662,2025-09-07,despesa,100,To Flexible Cash Funds,Transferências internas
663,2025-09-07,receita,39,Interest earned - Flexible Cash Funds,Rendimentos
664,2025-09-08,despesa,5087,The Spitjack,Lazer
665,2025-09-08,despesa,1930,101 Limerick,Lazer
666,2025-09-08,despesa,2096,Tesco,Supermercado
667,2025-09-08,despesa,65,Transport for Ireland - TFI,Transporte
668,2025-09-08,receita,39,Interest earned - Flexible Cash Funds,Rendimentos
669,2025-09-09,despesa,2500,Three,Assinaturas e Digital
670,2025-09-09,despesa,159,To Flexible Cash Funds,Transferências internas
671,2025-09-09,receita,38,Interest earned - Flexible Cash Funds,Rendimentos
672,2025-09-10,receita,4000,From Flexible Cash Funds,Transferências internas
673,2025-09-10,despesa,4000,To Sonia Maria Ferreira Costa,Outras despesas
674,2025-09-10,receita,38,Interest earned - Flexible Cash Funds,Rendimentos
675,2025-09-11,receita,1700,From Flexible Cash Funds,Transferências internas
676,2025-09-11,despesa,1500,To Flexible Cash Funds,Transferências internas
677,2025-09-11,despesa,1700,Irish Citylink,Transporte
678,2025-09-11,receita,37,Interest earned - Flexible Cash Funds,Rendimentos
679,2025-09-12,receita,37,Interest earned - Flexible Cash Funds,Rendimentos
680,2025-09-13,receita,3000,From Flexible Cash Funds,Transferências internas
681,2025-09-13,despesa,3000,To Sonia Maria Ferreira Costa,Outras despesas
682,2025-09-13,receita,38,Interest earned - Flexible Cash Funds,Rendimentos
683,2025-09-14,receita,500,From Flexible Cash Funds,Transferências internas
684,2025-09-14,despesa,10,To Flexible Cash Funds,Transferências internas
685,2025-09-14,despesa,10,To Flexible Cash Funds,Transferências internas
686,2025-09-14,receita,38,Interest earned - Flexible Cash Funds,Rendimentos
687,2025-09-15,despesa,190,Your Stop Suncroft,Compras e Roupa
688,2025-09-15,despesa,190,Your Stop Suncroft,Compras e Roupa
689,2025-09-15,receita,143230,Payment from DR JOHN CLARKE,Salário
690,2025-09-15,despesa,80000,To Flexible Cash Funds,Transferências internas
691,2025-09-15,despesa,7600,To Flexible Cash Funds,Transferências internas
692,2025-09-15,despesa,75,To Flexible Cash Funds,Transferências internas
693,2025-09-15,receita,37,Interest earned - Flexible Cash Funds,Rendimentos
694,2025-09-16,despesa,1825,24/7 Shop,Supermercado
695,2025-09-16,despesa,100,To Flexible Cash Funds,Transferências internas
696,2025-09-16,receita,3000,From Flexible Cash Funds,Transferências internas
697,2025-09-16,despesa,56,To Flexible Cash Funds,Transferências internas
698,2025-09-16,receita,2000,From Flexible Cash Funds,Transferências internas
699,2025-09-16,despesa,90,To Flexible Cash Funds,Transferências internas
700,2025-09-16,receita,1500,From Flexible Cash Funds,Transferências internas
701,2025-09-16,despesa,2500,To Sonia Maria Ferreira Costa,Outras despesas
702,2025-09-16,receita,38,Interest earned - Flexible Cash Funds,Rendimentos
703,2025-09-17,despesa,1210,Luigi's Traditional Fi,Lazer
704,2025-09-17,despesa,4500,Prometric,Compras e Roupa
705,2025-09-17,despesa,5644,ALDI,Supermercado
706,2025-09-17,receita,1100,From Flexible Cash Funds,Transferências internas
707,2025-09-17,receita,41,Interest earned - Flexible Cash Funds,Rendimentos
708,2025-09-18,despesa,600,Irish Rail,Transporte
709,2025-09-18,despesa,1100,Irish Citylink,Transporte
710,2025-09-18,receita,1100,From Flexible Cash Funds,Transferências internas
711,2025-09-18,receita,3000,From Flexible Cash Funds,Transferências internas
712,2025-09-18,despesa,100,To Flexible Cash Funds,Transferências internas
713,2025-09-18,receita,41,Interest earned - Flexible Cash Funds,Rendimentos
714,2025-09-19,despesa,1100,Dealz,Compras e Roupa
715,2025-09-19,despesa,897,To Flexible Cash Funds,Transferências internas
716,2025-09-19,receita,6600,Payment from JOANA FILIPA COSTA PALMINHA,Transferências internas
717,2025-09-19,despesa,3500,To Sonia Maria Ferreira Costa,Outras despesas
718,2025-09-19,despesa,2000,To Flexible Cash Funds,Transferências internas
719,2025-09-19,despesa,2100,Penneys,Compras e Roupa
720,2025-09-19,despesa,35,To Flexible Cash Funds,Transferências internas
721,2025-09-19,receita,42,Interest earned - Flexible Cash Funds,Rendimentos
722,2025-09-20,despesa,35,To Flexible Cash Funds,Transferências internas
723,2025-09-20,despesa,700,To Flexible Cash Funds,Transferências internas
724,2025-09-20,receita,1400,From Flexible Cash Funds,Transferências internas
725,2025-09-20,despesa,55,To Flexible Cash Funds,Transferências internas
726,2025-09-20,receita,1000,From Flexible Cash Funds,Transferências internas
727,2025-09-20,receita,500,From Flexible Cash Funds,Transferências internas
728,2025-09-20,despesa,81,To Flexible Cash Funds,Transferências internas
729,2025-09-20,receita,1500,From Flexible Cash Funds,Transferências internas
730,2025-09-20,despesa,100,To Flexible Cash Funds,Transferências internas
731,2025-09-20,despesa,65,Transport for Ireland - TFI,Transporte
732,2025-09-20,despesa,35,To Flexible Cash Funds,Transferências internas
733,2025-09-20,receita,41,Interest earned - Flexible Cash Funds,Rendimentos
734,2025-09-21,despesa,1119,Chemist Warehouse,Saúde
735,2025-09-21,despesa,1445,Tony's Bistro,Lazer
736,2025-09-21,despesa,800,The Mardyke Entertainment Complex,Lazer
737,2025-09-21,despesa,65,Transport for Ireland - TFI,Transporte
738,2025-09-21,despesa,65,Transport for Ireland - TFI,Transporte
739,2025-09-21,despesa,35,To Flexible Cash Funds,Transferências internas
740,2025-09-21,despesa,20,To Flexible Cash Funds,Transferências internas
741,2025-09-21,receita,41,Interest earned - Flexible Cash Funds,Rendimentos
742,2025-09-22,despesa,100,To Flexible Cash Funds,Transferências internas
743,2025-09-22,despesa,65,Transport for Ireland - TFI,Transporte
744,2025-09-22,despesa,380,Your Stop Suncroft,Compras e Roupa
745,2025-09-22,receita,4900,From Flexible Cash Funds,Transferências internas
746,2025-09-22,despesa,100,To Flexible Cash Funds,Transferências internas
747,2025-09-22,despesa,100,Trading 212,Transferências internas
748,2025-09-22,receita,42,Interest earned - Flexible Cash Funds,Rendimentos
749,2025-09-23,despesa,5000,Trading 212,Transferências internas
750,2025-09-23,receita,41,Interest earned - Flexible Cash Funds,Rendimentos
751,2025-09-24,receita,1000,From Flexible Cash Funds,Transferências internas
752,2025-09-24,despesa,1000,To Sonia Maria Ferreira Costa,Outras despesas
753,2025-09-24,receita,41,Interest earned - Flexible Cash Funds,Rendimentos
754,2025-09-25,receita,1800,From Flexible Cash Funds,Transferências internas
755,2025-09-25,receita,200,From Flexible Cash Funds,Transferências internas
756,2025-09-25,receita,41,Interest earned - Flexible Cash Funds,Rendimentos
757,2025-09-26,despesa,2000,Trading 212,Transferências internas
758,2025-09-26,receita,5300,Payment from JOANA FILIPA COSTA PALMINHA,Transferências internas
759,2025-09-26,despesa,4000,To Flexible Cash Funds,Transferências internas
760,2025-09-26,receita,1300,From Flexible Cash Funds,Transferências internas
761,2025-09-26,receita,1100,From Flexible Cash Funds,Transferências internas
762,2025-09-26,receita,41,Interest earned - Flexible Cash Funds,Rendimentos
763,2025-09-27,despesa,2000,Trading 212,Transferências internas
764,2025-09-27,despesa,1100,Irish Citylink,Transporte
765,2025-09-27,receita,1500,From Flexible Cash Funds,Transferências internas
766,2025-09-27,despesa,90,To Flexible Cash Funds,Transferências internas
767,2025-09-27,receita,1000,From Flexible Cash Funds,Transferências internas
768,2025-09-27,despesa,15,To Flexible Cash Funds,Transferências internas
769,2025-09-27,receita,790,Transfer from Ines De Oliveira Alves Vieira Estrela,Outras receitas
770,2025-09-27,despesa,890,To Flexible Cash Funds,Transferências internas
771,2025-09-27,receita,1000,Payment from JOANA FILIPA COSTA PALMINHA,Transferências internas
772,2025-09-27,despesa,50,To Flexible Cash Funds,Transferências internas
773,2025-09-27,receita,2000,From Flexible Cash Funds,Transferências internas
774,2025-09-27,despesa,10,To Flexible Cash Funds,Transferências internas
775,2025-09-27,receita,41,Interest earned - Flexible Cash Funds,Rendimentos
776,2025-09-28,despesa,450,Dealz,Compras e Roupa
777,2025-09-28,receita,1000,From Flexible Cash Funds,Transferências internas
778,2025-09-28,despesa,50,To Flexible Cash Funds,Transferências internas
779,2025-09-28,despesa,100,To Flexible Cash Funds,Transferências internas
780,2025-09-28,receita,800,From Flexible Cash Funds,Transferências internas
781,2025-09-28,despesa,410,Costa Coffee,Alimentação fora
782,2025-09-28,despesa,1885,Costa Coffee,Alimentação fora
783,2025-09-28,receita,41,Interest earned - Flexible Cash Funds,Rendimentos
784,2025-09-29,despesa,1000,Trading 212,Transferências internas
785,2025-09-29,despesa,1290,Jerry Flannery's Bar,Lazer
786,2025-09-29,despesa,300,Dealz,Compras e Roupa
787,2025-09-29,despesa,1550,Green Yard Café,Alimentação fora
788,2025-09-29,receita,17700,From Flexible Cash Funds,Transferências internas
789,2025-09-29,receita,100,From Flexible Cash Funds,Transferências internas
790,2025-09-29,receita,143230,Payment from DR JOHN CLARKE,Salário
791,2025-09-29,despesa,15500,To Joana Palminha,Transferências internas
792,2025-09-29,despesa,30000,To Flexible Cash Funds,Transferências internas
793,2025-09-29,receita,41,Interest earned - Flexible Cash Funds,Rendimentos
794,2025-09-30,despesa,78500,To Michael Quinn,Moradia
795,2025-09-30,despesa,17,To Flexible Cash Funds,Transferências internas
796,2025-09-30,receita,41,Interest earned - Flexible Cash Funds,Rendimentos
797,2025-10-01,receita,217,Payment from JOANA FILIPA COSTA PALMINHA,Transferências internas
798,2025-10-01,despesa,217,To Flexible Cash Funds,Transferências internas
799,2025-10-01,despesa,283,ALDI,Supermercado
800,2025-10-01,receita,41,Interest earned - Flexible Cash Funds,Rendimentos
801,2025-10-02,despesa,15071,repayment,Empréstimos e Dívidas
802,2025-10-02,receita,100,From Flexible Cash Funds,Transferências internas
803,2025-10-02,despesa,4000,Trading 212,Transferências internas
804,2025-10-02,receita,42,Interest earned - Flexible Cash Funds,Rendimentos
805,2025-10-03,receita,59,From Flexible Cash Funds,Transferências internas
806,2025-10-03,despesa,35,To Flexible Cash Funds,Transferências internas
807,2025-10-03,receita,41,Interest earned - Flexible Cash Funds,Rendimentos
808,2025-10-04,despesa,65,Transport for Ireland - TFI,Transporte
809,2025-10-04,receita,2500,From Flexible Cash Funds,Transferências internas
810,2025-10-04,receita,41,Interest earned - Flexible Cash Funds,Rendimentos
811,2025-10-05,receita,100,From Flexible Cash Funds,Transferências internas
812,2025-10-05,despesa,35,To Flexible Cash Funds,Transferências internas
813,2025-10-05,receita,2000,From Flexible Cash Funds,Transferências internas
814,2025-10-05,despesa,60,To Flexible Cash Funds,Transferências internas
815,2025-10-05,receita,3000,From Flexible Cash Funds,Transferências internas
816,2025-10-05,despesa,100,To Flexible Cash Funds,Transferências internas
817,2025-10-05,receita,41,Interest earned - Flexible Cash Funds,Rendimentos
818,2025-10-06,despesa,3000,Trading 212,Transferências internas
819,2025-10-06,despesa,1640,24/7 Shop,Supermercado
820,2025-10-06,despesa,65,Transport for Ireland - TFI,Transporte
821,2025-10-06,receita,41,Interest earned - Flexible Cash Funds,Rendimentos
822,2025-10-07,receita,41,Interest earned - Flexible Cash Funds,Rendimentos
823,2025-10-08,receita,1800,From Flexible Cash Funds,Transferências internas
824,2025-10-08,despesa,50,To Flexible Cash Funds,Transferências internas
825,2025-10-08,despesa,1450,O'Sullivans Pharmacy,Saúde
826,2025-10-08,receita,41,Interest earned - Flexible Cash Funds,Rendimentos
827,2025-10-09,receita,41000,From Flexible Cash Funds,Transferências internas
828,2025-10-09,despesa,100,To Flexible Cash Funds,Transferências internas
829,2025-10-09,receita,100,From Flexible Cash Funds,Transferências internas
830,2025-10-09,despesa,40000,Trading 212,Transferências internas
831,2025-10-09,despesa,1000,Trading 212,Transferências internas
832,2025-10-09,receita,5000,From Flexible Cash Funds,Transferências internas
833,2025-10-09,receita,500,From Flexible Cash Funds,Transferências internas
834,2025-10-09,despesa,36,To Flexible Cash Funds,Transferências internas
835,2025-10-09,receita,3600,From Flexible Cash Funds,Transferências internas
836,2025-10-09,despesa,5000,Trading 212,Transferências internas
837,2025-10-09,despesa,35,To Flexible Cash Funds,Transferências internas
838,2025-10-09,receita,10000,From Flexible Cash Funds,Transferências internas
839,2025-10-09,despesa,52,To Flexible Cash Funds,Transferências internas
840,2025-10-09,receita,41,Interest earned - Flexible Cash Funds,Rendimentos
841,2025-10-10,despesa,464,Amilcar Camacho,Alimentação
842,2025-10-10,despesa,865,Primor,Compras e Roupa
843,2025-10-10,despesa,100,To Flexible Cash Funds,Transferências internas
844,2025-10-10,receita,1500,From Flexible Cash Funds,Transferências internas
845,2025-10-10,despesa,1500,To Joana Palminha,Transferências internas
846,2025-10-10,despesa,7000,Trading 212,Transferências internas
847,2025-10-10,receita,25800,From Flexible Cash Funds,Transferências internas
848,2025-10-10,receita,51600,From Flexible Cash Funds,Transferências internas
849,2025-10-10,receita,105900,From Flexible Cash Funds,Transferências internas
850,2025-10-10,despesa,211875,To Flexible Cash Funds,Transferências internas
851,2025-10-10,receita,5000,From Flexible Cash Funds,Transferências internas
852,2025-10-10,despesa,500,Pagamento (Gabriel Garcia de Araujo) — 50% de Jose C F Goncalves,Viagem
853,2025-10-10,despesa,110,Pagamento (Gabriel Garcia de Araujo) — 50% de Parque Cr7,Viagem
854,2025-10-10,despesa,4000,To Flexible Cash Funds,Transferências internas
855,2025-10-10,receita,39,Interest earned - Flexible Cash Funds,Rendimentos
856,2025-10-11,despesa,40,To Flexible Cash Funds,Transferências internas
857,2025-10-11,receita,6000,From Flexible Cash Funds,Transferências internas
858,2025-10-11,despesa,5548,Pingo Doce,Supermercado
859,2025-10-11,receita,38,Interest earned - Flexible Cash Funds,Rendimentos
860,2025-10-12,despesa,6000,Trading 212,Transferências internas
861,2025-10-12,despesa,760,Sancrupan,Alimentação
862,2025-10-12,receita,10000,From Flexible Cash Funds,Transferências internas
863,2025-10-12,despesa,20,To Flexible Cash Funds,Transferências internas
864,2025-10-12,receita,38,Interest earned - Flexible Cash Funds,Rendimentos
865,2025-10-13,despesa,100,To Flexible Cash Funds,Transferências internas
866,2025-10-13,receita,146682,Payment from DR JOHN CLARKE,Salário
867,2025-10-13,despesa,67,To Flexible Cash Funds,Transferências internas
868,2025-10-13,despesa,110000,To Flexible Cash Funds,Transferências internas
869,2025-10-13,despesa,1,To Flexible Cash Funds,Transferências internas
870,2025-10-13,receita,25,Interest earned - Flexible Cash Funds,Rendimentos
871,2025-10-14,despesa,500,Sancrupan,Alimentação
872,2025-10-14,despesa,699,Amzprimeie,Assinaturas e Digital
873,2025-10-14,despesa,6080,Churrascaria Central,Supermercado
874,2025-10-14,despesa,22,To Flexible Cash Funds,Transferências internas
875,2025-10-14,despesa,100,To Flexible Cash Funds,Transferências internas
876,2025-10-14,receita,26,Interest earned - Flexible Cash Funds,Rendimentos
877,2025-10-15,despesa,100,To Flexible Cash Funds,Transferências internas
878,2025-10-15,despesa,50,To Flexible Cash Funds,Transferências internas
879,2025-10-15,despesa,1633,Continente,Supermercado
880,2025-10-15,despesa,578,Continente,Supermercado
881,2025-10-15,despesa,70,To Flexible Cash Funds,Transferências internas
882,2025-10-15,despesa,6000,Trading 212,Transferências internas
883,2025-10-15,receita,29,Interest earned - Flexible Cash Funds,Rendimentos
884,2025-10-16,despesa,1130,Luigi's Traditional F,Lazer
885,2025-10-16,despesa,1050,Expressway,Transporte
886,2025-10-16,despesa,75,To Flexible Cash Funds,Transferências internas
887,2025-10-16,despesa,400,Bazar Popular,Alimentação
888,2025-10-16,despesa,300,Pagamento (Gabriel Garcia de Araujo) — 50% de PayPay,Viagem
889,2025-10-16,despesa,828,Pagamento (Gabriel Garcia de Araujo) — 50% de Continente,Supermercado
890,2025-10-16,receita,565,Recebimento (Gabriel Garcia de Araujo) — 50% de Luigi's Traditional F,Outras receitas
891,2025-10-16,receita,3040,Recebimento (Gabriel Garcia de Araujo) — 50% de Churrascaria Central,Outras receitas
892,2025-10-16,receita,1100,From Flexible Cash Funds,Transferências internas
893,2025-10-16,receita,817,Recebimento (Gabriel Garcia de Araujo) — 50% de Continente,Outras receitas
894,2025-10-16,receita,525,Recebimento (Gabriel Garcia de Araujo) — 50% de Expressway,Outras receitas
895,2025-10-16,despesa,100,To Flexible Cash Funds,Transferências internas
896,2025-10-16,receita,29,Interest earned - Flexible Cash Funds,Rendimentos
897,2025-10-17,despesa,23900,Killarney Plaza Hotel,Viagem
898,2025-10-17,despesa,1125,Expressway,Transporte
899,2025-10-17,despesa,50,To Flexible Cash Funds,Transferências internas
900,2025-10-17,despesa,45,To Flexible Cash Funds,Transferências internas
901,2025-10-17,despesa,100,To Flexible Cash Funds,Transferências internas
902,2025-10-17,receita,29,Interest earned - Flexible Cash Funds,Rendimentos
903,2025-10-18,despesa,450,Dealz,Compras e Roupa
904,2025-10-18,despesa,500,Transport for Ireland - TFI,Transporte
905,2025-10-18,despesa,855,Centra,Supermercado
906,2025-10-18,receita,29,Interest earned - Flexible Cash Funds,Rendimentos
907,2025-10-19,receita,475,From Flexible Cash Funds,Transferências internas
908,2025-10-19,despesa,27,To Flexible Cash Funds,Transferências internas
909,2025-10-19,despesa,100,To Flexible Cash Funds,Transferências internas
910,2025-10-19,despesa,51,To Flexible Cash Funds,Transferências internas
911,2025-10-19,receita,29,Interest earned - Flexible Cash Funds,Rendimentos
912,2025-10-20,despesa,1000,Trading 212,Transferências internas
913,2025-10-20,despesa,1273,Dunnes Stores,Supermercado
914,2025-10-20,despesa,649,Centra,Supermercado
915,2025-10-20,despesa,68,To Flexible Cash Funds,Transferências internas
916,2025-10-20,despesa,1150,Pagamento (Gabriel Garcia de Araujo) — 50% de Chatgpt,Assinaturas e Digital
917,2025-10-20,receita,29,Interest earned - Flexible Cash Funds,Rendimentos
918,2025-10-21,despesa,1132,Just Eat,Alimentação
919,2025-10-21,receita,29,Interest earned - Flexible Cash Funds,Rendimentos
920,2025-10-22,receita,14000,From Flexible Cash Funds,Transferências internas
921,2025-10-22,despesa,14000,To Joana Palminha irl,Transferências internas
922,2025-10-22,receita,30,Interest earned - Flexible Cash Funds,Rendimentos
923,2025-10-23,receita,14000,From Flexible Cash Funds,Transferências internas
924,2025-10-23,despesa,100,To Flexible Cash Funds,Transferências internas
925,2025-10-23,receita,2000,From Flexible Cash Funds,Transferências internas
926,2025-10-23,despesa,100,To Flexible Cash Funds,Transferências internas
927,2025-10-23,receita,14000,Payment from JOANA FILIPA COSTA PALMINHA,Transferências internas
928,2025-10-23,despesa,14000,To Flexible Cash Funds,Transferências internas
929,2025-10-23,despesa,15000,Trading 212,Transferências internas
930,2025-10-23,receita,29,Interest earned - Flexible Cash Funds,Rendimentos
931,2025-10-24,despesa,1000,Trading 212,Transferências internas
932,2025-10-24,receita,28,Interest earned - Flexible Cash Funds,Rendimentos
933,2025-10-25,despesa,80,To Flexible Cash Funds,Transferências internas
934,2025-10-25,receita,29,Interest earned - Flexible Cash Funds,Rendimentos
935,2025-10-26,receita,2700,From Flexible Cash Funds,Transferências internas
936,2025-10-26,despesa,42,To Flexible Cash Funds,Transferências internas
937,2025-10-26,despesa,90,To Flexible Cash Funds,Transferências internas
938,2025-10-26,despesa,100,To Flexible Cash Funds,Transferências internas
939,2025-10-26,receita,2200,From Flexible Cash Funds,Transferências internas
940,2025-10-26,despesa,100,To Flexible Cash Funds,Transferências internas
941,2025-10-26,despesa,100,To Flexible Cash Funds,Transferências internas
942,2025-10-26,despesa,100,To Flexible Cash Funds,Transferências internas
943,2025-10-26,receita,29,Interest earned - Flexible Cash Funds,Rendimentos
944,2025-10-27,despesa,600,Old Oak,Lazer
945,2025-10-27,despesa,600,Old Oak,Lazer
946,2025-10-27,despesa,1910,KC & Son & Sons,Lazer
947,2025-10-27,despesa,100,Hillbilly's,Alimentação
948,2025-10-27,despesa,958,Dunnes Stores,Supermercado
949,2025-10-27,despesa,700,The Old Town Whiskey Bar at Bodega,Lazer
950,2025-10-27,receita,1000,From Flexible Cash Funds,Transferências internas
951,2025-10-27,despesa,100,To Flexible Cash Funds,Transferências internas
952,2025-10-27,despesa,5,To Flexible Cash Funds,Transferências internas
953,2025-10-27,receita,3000,From Flexible Cash Funds,Transferências internas
954,2025-10-27,receita,150134,Payment from DR JOHN CLARKE,Salário
955,2025-10-27,despesa,7,To Flexible Cash Funds,Transferências internas
956,2025-10-27,despesa,30000,To Atlantic Technological University ATU,Educação
957,2025-10-27,despesa,24000,To Flexible Cash Funds,Transferências internas
958,2025-10-27,receita,28,Interest earned - Flexible Cash Funds,Rendimentos
959,2025-10-28,despesa,1100,Irish Citylink,Transporte
960,2025-10-28,despesa,78500,To Michael Quinn,Moradia
961,2025-10-28,despesa,4000,To Sonia Maria Ferreira Costa,Outras despesas
962,2025-10-28,despesa,393,ALDI,Supermercado
963,2025-10-28,despesa,69,To Flexible Cash Funds,Transferências internas
964,2025-10-28,despesa,79,To Flexible Cash Funds,Transferências internas
965,2025-10-28,receita,29,Interest earned - Flexible Cash Funds,Rendimentos
966,2025-10-29,despesa,5831,Boots,Saúde
967,2025-10-29,despesa,221,Dunnes Stores,Supermercado
968,2025-10-29,despesa,70,To Flexible Cash Funds,Transferências internas
969,2025-10-29,despesa,10,To Flexible Cash Funds,Transferências internas
970,2025-10-29,receita,787,From Flexible Cash Funds,Transferências internas
971,2025-10-29,despesa,48,To Flexible Cash Funds,Transferências internas
972,2025-10-29,receita,29,Interest earned - Flexible Cash Funds,Rendimentos
973,2025-10-30,despesa,1252,Temu,Compras e Roupa
974,2025-10-30,despesa,330,Asian Arabic Food,Lazer
975,2025-10-30,despesa,85,To Flexible Cash Funds,Transferências internas
976,2025-10-30,despesa,61,To Flexible Cash Funds,Transferências internas
977,2025-10-30,receita,5000,From Flexible Cash Funds,Transferências internas
978,2025-10-30,despesa,100,To Flexible Cash Funds,Transferências internas
979,2025-10-30,despesa,3990,ALDI,Supermercado
980,2025-10-30,receita,30,Interest earned - Flexible Cash Funds,Rendimentos
981,2025-10-31,despesa,5000,Trading 212,Transferências internas
982,2025-10-31,despesa,1039,Tesco,Supermercado
983,2025-10-31,receita,15000,From Flexible Cash Funds,Transferências internas
984,2025-10-31,despesa,15000,To Joana Palminha,Transferências internas
985,2025-10-31,receita,2000,From Flexible Cash Funds,Transferências internas
986,2025-10-31,despesa,10,To Flexible Cash Funds,Transferências internas
987,2025-10-31,receita,23900,Payment from JOANA FILIPA COSTA PALMINHA,Transferências internas
988,2025-10-31,despesa,2615,Penneys,Compras e Roupa
989,2025-10-31,despesa,100,To Flexible Cash Funds,Transferências internas
990,2025-10-31,receita,29,Interest earned - Flexible Cash Funds,Rendimentos
991,2025-11-01,despesa,890,WhSmith,Compras e Roupa
992,2025-11-01,despesa,50,To Flexible Cash Funds,Transferências internas
993,2025-11-01,despesa,100,To Flexible Cash Funds,Transferências internas
994,2025-11-01,despesa,500,Transport for Ireland - TFI,Transporte
995,2025-11-01,despesa,80,To Flexible Cash Funds,Transferências internas
996,2025-11-01,receita,29,Interest earned - Flexible Cash Funds,Rendimentos
997,2025-11-02,receita,15000,From Flexible Cash Funds,Transferências internas
998,2025-11-02,despesa,15071,repayment,Empréstimos e Dívidas
999,2025-11-02,despesa,600,Tesco,Supermercado
1000,2025-11-02,despesa,620,Claire's,Compras e Roupa
1001,2025-11-02,despesa,150,Euro Giant,Supermercado
1002,2025-11-02,despesa,10,To Flexible Cash Funds,Transferências internas
1003,2025-11-02,despesa,50,To Flexible Cash Funds,Transferências internas
1004,2025-11-02,receita,3000,From Flexible Cash Funds,Transferências internas
1005,2025-11-02,receita,3000,From Flexible Cash Funds,Transferências internas
1006,2025-11-02,despesa,100,To Flexible Cash Funds,Transferências internas
1007,2025-11-02,despesa,1890,Once Upon A Cup Li,Compras e Roupa
1008,2025-11-02,despesa,1,To Flexible Cash Funds,Transferências internas
1009,2025-11-02,receita,5000,From Flexible Cash Funds,Transferências internas
1010,2025-11-02,despesa,100,To Flexible Cash Funds,Transferências internas
1011,2025-11-02,receita,29,Interest earned - Flexible Cash Funds,Rendimentos
1012,2025-11-03,despesa,5000,Trading 212,Transferências internas
1013,2025-11-03,despesa,950,Dublin Coach,Viagem
1014,2025-11-03,despesa,500,Transport for Ireland - TFI,Transporte
1015,2025-11-03,receita,3000,From Flexible Cash Funds,Transferências internas
1016,2025-11-03,despesa,649,Pagamento (Gabriel Garcia de Araujo) — 50% de SuperValu,Supermercado
1017,2025-11-03,receita,30,Interest earned - Flexible Cash Funds,Rendimentos
1018,2025-11-04,despesa,599,CapCut,Assinaturas e Digital
1019,2025-11-04,receita,27,Interest earned - Flexible Cash Funds,Rendimentos
1020,2025-11-05,receita,10000,From Flexible Cash Funds,Transferências internas
1021,2025-11-05,despesa,100,To Flexible Cash Funds,Transferências internas
1022,2025-11-05,receita,5000,From Flexible Cash Funds,Transferências internas
1023,2025-11-05,despesa,1400,To Joana Palminha,Transferências internas
1024,2025-11-05,despesa,100,To Flexible Cash Funds,Transferências internas
1025,2025-11-05,receita,28,Interest earned - Flexible Cash Funds,Rendimentos
1026,2025-11-06,despesa,10000,Trading 212,Investimentos
1027,2025-11-06,despesa,2000,Trading 212,Transferências internas
1028,2025-11-06,receita,27,Interest earned - Flexible Cash Funds,Rendimentos
1029,2025-11-07,receita,1500,From Flexible Cash Funds,Transferências internas
1030,2025-11-07,despesa,22,To Flexible Cash Funds,Transferências internas
1031,2025-11-07,receita,3800,From Flexible Cash Funds,Transferências internas
1032,2025-11-07,despesa,100,To Flexible Cash Funds,Transferências internas
1033,2025-11-07,receita,27,Interest earned - Flexible Cash Funds,Rendimentos
1034,2025-11-08,despesa,5000,Trading 212,Transferências internas
1035,2025-11-08,despesa,1478,ALDI,Supermercado
1036,2025-11-08,receita,27,Interest earned - Flexible Cash Funds,Rendimentos
1037,2025-11-09,receita,27,Interest earned - Flexible Cash Funds,Rendimentos
1038,2025-11-10,receita,75,Learn & Earn - VET,Investimentos
1039,2025-11-10,receita,150134,Payment from DR JOHN CLARKE,Salário
1040,2025-11-10,despesa,70000,To Flexible Cash Funds,Transferências internas
1041,2025-11-10,despesa,100,To Flexible Cash Funds,Transferências internas
1042,2025-11-10,despesa,30000,To investment account,Transferências internas
1043,2025-11-10,receita,30000,Top Up,Transferências internas
1044,2025-11-10,despesa,30000,To investment account,Transferências internas
1045,2025-11-10,receita,27,Interest earned - Flexible Cash Funds,Rendimentos
1046,2025-11-11,receita,75,Learn & Earn - VET,Investimentos
1047,2025-11-11,receita,75,Learn & Earn - VET,Investimentos
1048,2025-11-11,receita,50,Learn & Earn - MEW,Investimentos
1049,2025-11-11,receita,50,Learn & Earn - MEW,Investimentos
1050,2025-11-11,receita,50,Learn & Earn - LMWR,Investimentos
1051,2025-11-11,receita,50,Learn & Earn - LMWR,Investimentos
1052,2025-11-11,receita,50,Learn & Earn - LMWR,Investimentos
1053,2025-11-11,despesa,20000,Trading 212,Transferências internas
1054,2025-11-11,despesa,50,To Flexible Cash Funds,Transferências internas
1055,2025-11-11,despesa,500,QDVE,Investimentos
1056,2025-11-11,receita,27,Interest earned - Flexible Cash Funds,Rendimentos
1057,2025-11-12,despesa,1450,O'Sullivans Pharmacy,Saúde
1058,2025-11-12,despesa,15,To Flexible Cash Funds,Transferências internas
1059,2025-11-12,despesa,2285,Temu,Compras e Roupa
1060,2025-11-12,despesa,2,To Flexible Cash Funds,Transferências internas
1061,2025-11-12,receita,29,Interest earned - Flexible Cash Funds,Rendimentos
1062,2025-11-13,despesa,1898,ALDI,Supermercado
1063,2025-11-13,despesa,1,To Flexible Cash Funds,Transferências internas
1064,2025-11-13,receita,29,Interest earned - Flexible Cash Funds,Rendimentos
1065,2025-11-14,despesa,699,Amzprimeie,Assinaturas e Digital
1066,2025-11-14,despesa,65,To Flexible Cash Funds,Transferências internas
1067,2025-11-14,receita,600,From Flexible Cash Funds,Transferências internas
1068,2025-11-14,despesa,90,To Flexible Cash Funds,Transferências internas
1069,2025-11-14,receita,4000,Top Up,Transferências internas
1070,2025-11-14,despesa,30,To Flexible Cash Funds,Transferências internas
1071,2025-11-14,receita,29,Interest earned - Flexible Cash Funds,Rendimentos
1072,2025-11-15,despesa,735,Dunnes Stores,Supermercado
1073,2025-11-15,despesa,410,Tesco,Supermercado
1074,2025-11-15,despesa,2270,KC & Son & Sons,Lazer
1075,2025-11-15,receita,25500,Top Up,Transferências internas
1076,2025-11-15,despesa,89,To Flexible Cash Funds,Transferências internas
1077,2025-11-15,despesa,2,To Flexible Cash Funds,Transferências internas
1078,2025-11-15,receita,29,Interest earned - Flexible Cash Funds,Rendimentos
1079,2025-11-16,despesa,3611,Tesco,Supermercado
1080,2025-11-16,despesa,1798,Polonez,Supermercado
1081,2025-11-16,despesa,100,To Flexible Cash Funds,Transferências internas
1082,2025-11-16,despesa,20000,Trading 212,Transferências internas
1083,2025-11-16,despesa,2500,Pagamento (Gabriel Garcia de Araujo) — 50% de Circle K,Carro
1084,2025-11-16,receita,29,Interest earned - Flexible Cash Funds,Rendimentos
1085,2025-11-17,receita,29,Interest earned - Flexible Cash Funds,Rendimentos
1086,2025-11-18,receita,29,Interest earned - Flexible Cash Funds,Rendimentos
1087,2025-11-19,receita,80,From Flexible Cash Funds,Transferências internas
1088,2025-11-19,despesa,100,To Joana Palminha,Transferências internas
1089,2025-11-19,receita,4026,Payment from JOANA FILIPA COSTA PALMINHA,Transferências internas
1090,2025-11-19,receita,29,Interest earned - Flexible Cash Funds,Rendimentos
1091,2025-11-20,receita,30,Interest earned - Flexible Cash Funds,Rendimentos
1092,2025-11-21,despesa,50,To Flexible Cash Funds,Transferências internas
1093,2025-11-21,despesa,40,To Flexible Cash Funds,Transferências internas
1094,2025-11-21,despesa,12,To Flexible Cash Funds,Transferências internas
1095,2025-11-21,receita,29,Interest earned - Flexible Cash Funds,Rendimentos
1096,2025-11-22,despesa,650,Tesco,Supermercado
1097,2025-11-22,receita,30000,From Flexible Cash Funds,Transferências internas
1098,2025-11-22,despesa,100,To Flexible Cash Funds,Transferências internas
1099,2025-11-22,receita,10000,From Flexible Cash Funds,Transferências internas
1100,2025-11-22,despesa,92,To Flexible Cash Funds,Transferências internas
1101,2025-11-22,despesa,2460,Penneys,Compras e Roupa
1102,2025-11-22,despesa,188,ALDI,Supermercado
1103,2025-11-22,receita,4000,From Flexible Cash Funds,Transferências internas
1104,2025-11-22,despesa,100,To Flexible Cash Funds,Transferências internas
1105,2025-11-22,receita,4500,From Flexible Cash Funds,Transferências internas
1106,2025-11-22,despesa,68,To Flexible Cash Funds,Transferências internas
1107,2025-11-22,receita,29,Interest earned - Flexible Cash Funds,Rendimentos
1108,2025-11-23,despesa,35000,Trading 212,Transferências internas
1109,2025-11-23,despesa,10008,Trading 212,Investimentos
1110,2025-11-23,despesa,4532,Trading 212,Investimentos
1111,2025-11-23,despesa,4500,Lidl,Supermercado
1112,2025-11-23,despesa,35,To Flexible Cash Funds,Transferências internas
1113,2025-11-23,receita,29,Interest earned - Flexible Cash Funds,Rendimentos
1114,2025-11-24,despesa,2965,Penneys,Compras e Roupa
1115,2025-11-24,receita,150134,Payment from DR JOHN CLARKE,Salário
1116,2025-11-24,despesa,60000,To Flexible Cash Funds,Transferências internas
1117,2025-11-24,despesa,100,To Flexible Cash Funds,Transferências internas
1118,2025-11-24,receita,29,Interest earned - Flexible Cash Funds,Rendimentos
1119,2025-11-25,despesa,10000,Trading 212,Investimentos
1120,2025-11-25,receita,27,Interest earned - Flexible Cash Funds,Rendimentos
1121,2025-11-26,despesa,100,To Flexible Cash Funds,Transferências internas
1122,2025-11-26,receita,30,Interest earned - Flexible Cash Funds,Rendimentos
1123,2025-11-27,despesa,4900,Aura Leisure,Lazer
1124,2025-11-27,despesa,100,To Flexible Cash Funds,Transferências internas
1125,2025-11-27,receita,29,Interest earned - Flexible Cash Funds,Rendimentos
1126,2025-11-28,despesa,1200,Canva* I04710-42000549,Assinaturas e Digital
1127,2025-11-28,despesa,78500,To Michael Quinn,Moradia
1128,2025-11-28,receita,30000,From Flexible Cash Funds,Transferências internas
1129,2025-11-28,despesa,30000,To Atlantic Technological University ATU,Educação
1130,2025-11-28,receita,29,Interest earned - Flexible Cash Funds,Rendimentos
1131,2025-11-29,despesa,1,To Flexible Cash Funds,Transferências internas
1132,2025-11-29,receita,30,Interest earned - Flexible Cash Funds,Rendimentos
1133,2025-11-30,despesa,399,Dunnes Stores,Supermercado
1134,2025-11-30,receita,18500,From Flexible Cash Funds,Transferências internas
1135,2025-11-30,receita,11000,From Flexible Cash Funds,Transferências internas
1136,2025-11-30,despesa,11000,To Joana Palminha,Transferências internas
1137,2025-11-30,receita,29,Interest earned - Flexible Cash Funds,Rendimentos
1138,2025-12-01,receita,3500,From Flexible Cash Funds,Transferências internas
1139,2025-12-01,despesa,1,To Flexible Cash Funds,Transferências internas
1140,2025-12-01,receita,3000,From Flexible Cash Funds,Transferências internas
1141,2025-12-01,despesa,50,To Flexible Cash Funds,Transferências internas
1142,2025-12-01,receita,30,Interest earned - Flexible Cash Funds,Rendimentos
1143,2025-12-02,despesa,983,outstanding partial repayment,Empréstimos e Dívidas
1144,2025-12-02,despesa,4899,Sports Direct,Compras e Roupa
1145,2025-12-02,despesa,2150,Polonez,Supermercado
1146,2025-12-02,receita,20000,From Flexible Cash Funds,Transferências internas
1147,2025-12-02,despesa,14088,repayment,Empréstimos e Dívidas
1148,2025-12-02,despesa,1,To Flexible Cash Funds,Transferências internas
1149,2025-12-02,receita,28,Interest earned - Flexible Cash Funds,Rendimentos
1150,2025-12-03,despesa,26,To Flexible Cash Funds,Transferências internas
1151,2025-12-03,receita,27,Interest earned - Flexible Cash Funds,Rendimentos
1152,2025-12-04,receita,10000,From Flexible Cash Funds,Transferências internas
1153,2025-12-04,despesa,11000,Transfer to CLAUDIO ALEXANDRE GIL DOS SANTOS,Compras e Roupa
1154,2025-12-04,despesa,374,SuperValu,Supermercado
1155,2025-12-04,despesa,2999,CapCut,Assinaturas e Digital
1156,2025-12-04,despesa,10,To Flexible Cash Funds,Transferências internas
1157,2025-12-04,receita,27,Interest earned - Flexible Cash Funds,Rendimentos
1158,2025-12-05,despesa,190,24/7 Shop,Supermercado
1159,2025-12-05,receita,5000,From Flexible Cash Funds,Transferências internas
1160,2025-12-05,despesa,22,To Flexible Cash Funds,Transferências internas
1161,2025-12-05,despesa,15,To Flexible Cash Funds,Transferências internas
1162,2025-12-05,receita,2200,From Flexible Cash Funds,Transferências internas
1163,2025-12-05,despesa,85,To Flexible Cash Funds,Transferências internas
1164,2025-12-05,receita,26,Interest earned - Flexible Cash Funds,Rendimentos
1165,2025-12-06,despesa,100,To Flexible Cash Funds,Transferências internas
1166,2025-12-06,despesa,2078,Irish Rail,Transporte
1167,2025-12-06,despesa,685,Daybreak,Supermercado
1168,2025-12-06,receita,2000,From Flexible Cash Funds,Transferências internas
1169,2025-12-06,despesa,100,To Flexible Cash Funds,Transferências internas
1170,2025-12-06,despesa,3515,ALDI,Supermercado
1171,2025-12-06,receita,27,Interest earned - Flexible Cash Funds,Rendimentos
1172,2025-12-07,despesa,500,Transport for Ireland - TFI,Transporte
1173,2025-12-07,receita,1000,From Flexible Cash Funds,Transferências internas
1174,2025-12-07,despesa,90,To Flexible Cash Funds,Transferências internas
1175,2025-12-07,receita,7000,From Flexible Cash Funds,Transferências internas
1176,2025-12-07,despesa,100,To Flexible Cash Funds,Transferências internas
1177,2025-12-07,receita,26,Interest earned - Flexible Cash Funds,Rendimentos
1178,2025-12-08,despesa,2500,Decathlon,Compras e Roupa
1179,2025-12-08,despesa,3000,Mister Hyde Pub,Lazer
1180,2025-12-08,despesa,410,Insomnia Coffee Company,Alimentação fora
1181,2025-12-08,despesa,200,To Joana Palminha irl,Transferências internas
1182,2025-12-08,despesa,100,To Flexible Cash Funds,Transferências internas
1183,2025-12-08,receita,149267,Payment from DR JOHN CLARKE,Salário
1184,2025-12-08,despesa,43,To Flexible Cash Funds,Transferências internas
1185,2025-12-08,despesa,2659,Pagamento (Gabriel Garcia de Araujo) — 50% de Lidl,Supermercado
1186,2025-12-08,despesa,100000,To Flexible Cash Funds,Transferências internas
1187,2025-12-08,receita,1758,Recebimento (Gabriel Garcia de Araujo) — 50% de ALDI,Outras receitas
1188,2025-12-08,receita,27,Interest earned - Flexible Cash Funds,Rendimentos
1189,2025-12-09,despesa,800,Eir O'connell St Limer,Moradia
1190,2025-12-09,despesa,35,To Flexible Cash Funds,Transferências internas
1191,2025-12-09,despesa,557,SuperValu,Supermercado
1192,2025-12-09,despesa,5265,Temu,Compras e Roupa
1193,2025-12-09,receita,26,Interest earned - Flexible Cash Funds,Rendimentos
1194,2025-12-10,receita,29,Interest earned - Flexible Cash Funds,Rendimentos
1195,2025-12-11,receita,29,Interest earned - Flexible Cash Funds,Rendimentos
1196,2025-12-12,despesa,70,To Flexible Cash Funds,Transferências internas
1197,2025-12-12,despesa,80,To Flexible Cash Funds,Transferências internas
1198,2025-12-12,despesa,100,To Flexible Cash Funds,Transferências internas
1199,2025-12-12,despesa,100,To Flexible Cash Funds,Transferências internas
1200,2025-12-12,despesa,80,To Flexible Cash Funds,Transferências internas
1201,2025-12-12,despesa,80,To Flexible Cash Funds,Transferências internas
1202,2025-12-12,despesa,55,To Flexible Cash Funds,Transferências internas
1203,2025-12-12,despesa,30,To Flexible Cash Funds,Transferências internas
1204,2025-12-12,receita,30,Interest earned - Flexible Cash Funds,Rendimentos
1205,2025-12-13,despesa,10070,Trading 212,Investimentos
1206,2025-12-13,despesa,1045,Castletroy TCC,Alimentação
1207,2025-12-13,despesa,320,Mocha Beans,Alimentação
1208,2025-12-13,despesa,1000,Fire Food Restaurants,Alimentação fora
1209,2025-12-13,despesa,1600,Fire Food Restaurants,Alimentação fora
1210,2025-12-13,despesa,40,To Flexible Cash Funds,Transferências internas
1211,2025-12-13,despesa,230,Directroute,Alimentação
1212,2025-12-13,despesa,520,Penneys,Compras e Roupa
1213,2025-12-13,despesa,720,Q Park,Alimentação
1214,2025-12-13,despesa,98,To Flexible Cash Funds,Transferências internas
1215,2025-12-13,despesa,100,To Flexible Cash Funds,Transferências internas
1216,2025-12-13,despesa,1,To Flexible Cash Funds,Transferências internas
1217,2025-12-13,receita,29,Interest earned - Flexible Cash Funds,Rendimentos
1218,2025-12-14,despesa,25,To Flexible Cash Funds,Transferências internas
1219,2025-12-14,despesa,2700,Locke Burger,Alimentação fora
1220,2025-12-14,despesa,7202,Lidl,Supermercado
1221,2025-12-14,despesa,699,Amzprimeie,Assinaturas e Digital
1222,2025-12-14,despesa,760,Daybreak,Supermercado
1223,2025-12-14,despesa,33,To Flexible Cash Funds,Transferências internas
1224,2025-12-14,despesa,70,To Flexible Cash Funds,Transferências internas
1225,2025-12-14,despesa,3,To Flexible Cash Funds,Transferências internas
1226,2025-12-14,despesa,175,Vinted,Outras despesas
1227,2025-12-14,receita,500,Recebimento (Gabriel Garcia de Araujo) — 50% de Fire Food Restaurants,Outras receitas
1228,2025-12-14,receita,800,Recebimento (Gabriel Garcia de Araujo) — 50% de Fire Food Restaurants,Outras receitas
1229,2025-12-14,receita,360,Recebimento (Gabriel Garcia de Araujo) — 50% de Q Park,Outras receitas
1230,2025-12-14,receita,380,Recebimento (Gabriel Garcia de Araujo) — 50% de Daybreak,Outras receitas
1231,2025-12-14,receita,1350,Recebimento (Gabriel Garcia de Araujo) — 50% de Locke Burger,Outras receitas
1232,2025-12-14,receita,3601,Recebimento (Gabriel Garcia de Araujo) — 50% de Lidl,Outras receitas
1233,2025-12-14,receita,29,Interest earned - Flexible Cash Funds,Rendimentos
1234,2025-12-15,despesa,4167,Polonez,Supermercado
1235,2025-12-15,despesa,4497,Lidl,Supermercado
1236,2025-12-15,despesa,730,Dunnes Stores,Supermercado
1237,2025-12-15,despesa,1700,To Sonia Maria Ferreira Costa,Outras despesas
1238,2025-12-15,despesa,1,To Flexible Cash Funds,Transferências internas
1239,2025-12-15,receita,29,Interest earned - Flexible Cash Funds,Rendimentos
1240,2025-12-16,receita,500,Payment from MANGOPAY,Outras receitas
1241,2025-12-16,receita,400,Payment from MANGOPAY,Outras receitas
1242,2025-12-16,despesa,81,To Flexible Cash Funds,Transferências internas
1243,2025-12-16,despesa,61,To Flexible Cash Funds,Transferências internas
1244,2025-12-16,despesa,5019,Vinted,Outras despesas
1245,2025-12-16,receita,2100,From Flexible Cash Funds,Transferências internas
1246,2025-12-16,despesa,50,To Flexible Cash Funds,Transferências internas
1247,2025-12-16,despesa,43,To Flexible Cash Funds,Transferências internas
1248,2025-12-16,receita,30,Interest earned - Flexible Cash Funds,Rendimentos
1249,2025-12-17,despesa,1239,Vinted,Outras despesas
1250,2025-12-17,despesa,1450,O'Sullivans Pharmacy,Saúde
1251,2025-12-17,despesa,5299,Ryanair,Viagem
1252,2025-12-17,despesa,557,SuperValu,Supermercado
1253,2025-12-17,receita,29,Interest earned - Flexible Cash Funds,Rendimentos
1254,2025-12-18,receita,10000,From Flexible Cash Funds,Transferências internas
1255,2025-12-18,receita,29,Interest earned - Flexible Cash Funds,Rendimentos
1256,2025-12-19,despesa,1295,Pagamento (Gabriel Garcia de Araujo) — 50% de Omniplex,Lazer
1257,2025-12-19,receita,1700,From Flexible Cash Funds,Transferências internas
1258,2025-12-19,receita,40000,Payment from SONIA MARIA FERREIRA COSTA,Outras receitas
1259,2025-12-19,despesa,91,To Flexible Cash Funds,Transferências internas
1260,2025-12-19,despesa,10,To Flexible Cash Funds,Transferências internas
1261,2025-12-19,despesa,40,To Flexible Cash Funds,Transferências internas
1262,2025-12-19,despesa,35000,To Flexible Cash Funds,Transferências internas
1263,2025-12-19,receita,29,Interest earned - Flexible Cash Funds,Rendimentos
1264,2025-12-20,despesa,1209,Tesco,Supermercado
1265,2025-12-20,receita,20000,From Flexible Cash Funds,Transferências internas
1266,2025-12-20,despesa,100,To Flexible Cash Funds,Transferências internas
1267,2025-12-20,despesa,31,To Flexible Cash Funds,Transferências internas
1268,2025-12-20,despesa,25,To Flexible Cash Funds,Transferências internas
1269,2025-12-20,receita,3800,From Flexible Cash Funds,Transferências internas
1270,2025-12-20,despesa,75,To Flexible Cash Funds,Transferências internas
1271,2025-12-20,despesa,5800,Vinted,Outras despesas
1272,2025-12-20,despesa,6069,Vinted,Outras despesas
1273,2025-12-20,despesa,7375,Vinted,Outras despesas
1274,2025-12-20,receita,29,Interest earned - Flexible Cash Funds,Rendimentos
1275,2025-12-21,despesa,4225,Vinted,Outras despesas
1276,2025-12-21,despesa,1290,Bobby Byrne's,Lazer
1277,2025-12-21,despesa,660,Bobby Byrne's,Lazer
1278,2025-12-21,despesa,25,To Flexible Cash Funds,Transferências internas
1279,2025-12-21,receita,29,Interest earned - Flexible Cash Funds,Rendimentos
1280,2025-12-22,receita,1000,From Flexible Cash Funds,Transferências internas
1281,2025-12-22,despesa,375,ALDI,Supermercado
1282,2025-12-22,receita,148546,Payment from DR JOHN CLARKE,Salário
1283,2025-12-22,despesa,50000,To Flexible Cash Funds,Transferências internas
1284,2025-12-22,despesa,1000,To Flexible Cash Funds,Transferências internas
1285,2025-12-22,despesa,30000,To Atlantic Technological University ATU,Educação
1286,2025-12-22,receita,29,Interest earned - Flexible Cash Funds,Rendimentos
1287,2025-12-23,despesa,19000,To Joana Palminha irl,Transferências internas
1288,2025-12-23,despesa,2400,Irish Citylink,Transporte
1289,2025-12-23,despesa,76,To Flexible Cash Funds,Transferências internas
1290,2025-12-23,receita,29,Interest earned - Flexible Cash Funds,Rendimentos
1291,2025-12-24,despesa,100,To Flexible Cash Funds,Transferências internas
1292,2025-12-24,despesa,100,To Flexible Cash Funds,Transferências internas
1293,2025-12-24,despesa,50,To Flexible Cash Funds,Transferências internas
1294,2025-12-24,despesa,32,To Flexible Cash Funds,Transferências internas
1295,2025-12-24,despesa,1924,ALDI,Supermercado
1296,2025-12-24,despesa,1150,Pagamento (Gabriel Garcia de Araujo) — 50% de Chatgpt,Assinaturas e Digital
1297,2025-12-24,receita,30,Interest earned - Flexible Cash Funds,Rendimentos
1298,2025-12-25,despesa,1200,Canva* I04740-49755640,Assinaturas e Digital
1299,2025-12-25,despesa,7000,Golden Discs,Compras e Roupa
1300,2025-12-25,despesa,450,Flying Tiger Copenhagen,Compras e Roupa
1301,2025-12-25,despesa,368,ALDI,Supermercado
1302,2025-12-25,receita,31,Interest earned - Flexible Cash Funds,Rendimentos
1303,2025-12-26,despesa,10,To Flexible Cash Funds,Transferências internas
1304,2025-12-26,despesa,15,To Flexible Cash Funds,Transferências internas
1305,2025-12-26,despesa,78,To Flexible Cash Funds,Transferências internas
1306,2025-12-26,despesa,20,To Flexible Cash Funds,Transferências internas
1307,2025-12-26,receita,31,Interest earned - Flexible Cash Funds,Rendimentos
1308,2025-12-27,despesa,790,Butlers Chocolates,Alimentação
1309,2025-12-27,despesa,2122,Huanqing Wang,Alimentação
1310,2025-12-27,despesa,6785,Jasminedream Unip,Lazer
1311,2025-12-27,despesa,680,Associacao Humana,Compras e Roupa
1312,2025-12-27,receita,30,Interest earned - Flexible Cash Funds,Rendimentos
1313,2025-12-28,despesa,20,To Flexible Cash Funds,Transferências internas
1314,2025-12-28,receita,31,Interest earned - Flexible Cash Funds,Rendimentos
1315,2025-12-29,despesa,75,To Flexible Cash Funds,Transferências internas
1316,2025-12-29,despesa,3000,To Joana Palminha irl,Transferências internas
1317,2025-12-29,despesa,3480,Decathlon,Compras e Roupa
1318,2025-12-29,receita,5100,Payment from JOANA FILIPA COSTA PALMINHA,Transferências internas
1319,2025-12-29,receita,62500,From Flexible Cash Funds,Transferências internas
1320,2025-12-29,despesa,78500,To Michael Quinn,Moradia
1321,2025-12-29,despesa,6325,Vinted,Outras despesas
1322,2025-12-29,receita,1000,From Flexible Cash Funds,Transferências internas
1323,2025-12-29,despesa,1,To Flexible Cash Funds,Transferências internas
1324,2025-12-29,receita,31,Interest earned - Flexible Cash Funds,Rendimentos
1325,2025-12-30,receita,650,Payment from MANGOPAY,Outras receitas
1326,2025-12-30,receita,10000,From Flexible Cash Funds,Transferências internas
1327,2025-12-30,despesa,100,To Flexible Cash Funds,Transferências internas
1328,2025-12-30,despesa,500,To Sonia Maria Ferreira Costa,Outras despesas
1329,2025-12-30,despesa,13,To Flexible Cash Funds,Transferências internas
1330,2025-12-30,despesa,100,To Flexible Cash Funds,Transferências internas
1331,2025-12-30,despesa,32000,To Flexible Cash Funds,Transferências internas
1332,2025-12-30,receita,9700,From Flexible Cash Funds,Transferências internas
1333,2025-12-30,despesa,54,To Flexible Cash Funds,Transferências internas
1334,2025-12-30,despesa,5,To Flexible Cash Funds,Transferências internas
1335,2025-12-30,despesa,500,To Sonia Maria Ferreira Costa,Outras despesas
1336,2025-12-30,despesa,1000,To Sonia Maria Ferreira Costa,Outras despesas
1337,2025-12-30,despesa,30,To Flexible Cash Funds,Transferências internas
1338,2025-12-30,receita,30,Interest earned - Flexible Cash Funds,Rendimentos
1339,2025-12-31,despesa,73,To Flexible Cash Funds,Transferências internas
1340,2025-12-31,despesa,946,Huanqing Wang,Lazer
1341,2025-12-31,despesa,3000,Kabeleireiro Da Vila,Moradia
1342,2025-12-31,despesa,1095,Calzedonia,Compras e Roupa
1343,2025-12-31,despesa,700,Tezenis,Compras e Roupa
1344,2025-12-31,despesa,870,SoHo,Compras e Roupa
1345,2025-12-31,despesa,699,Uber,Transporte
1346,2025-12-31,despesa,587,Auchan,Compras e Roupa
1347,2025-12-31,despesa,100,To Flexible Cash Funds,Transferências internas
1348,2025-12-31,despesa,80,To Flexible Cash Funds,Transferências internas
1349,2025-12-31,despesa,80,To Flexible Cash Funds,Transferências internas
1350,2025-12-31,receita,29,Interest earned - Flexible Cash Funds,Rendimentos
1351,2026-01-01,despesa,1140,FREE NOW,Transporte
1352,2026-01-01,receita,11000,From Flexible Cash Funds,Transferências internas
1353,2026-01-01,despesa,11000,To Joana Palminha,Transferências internas
1354,2026-01-01,receita,22000,From Flexible Cash Funds,Transferências internas
1355,2026-01-01,despesa,270,Pagamento (Gabriel Garcia de Araujo) — 50% de Daybreak,Supermercado
1356,2026-01-01,despesa,1000,To Flexible Cash Funds,Transferências internas
1357,2026-01-01,receita,29,Interest earned - Flexible Cash Funds,Rendimentos
1358,2026-01-02,despesa,15071,repayment,Empréstimos e Dívidas
1359,2026-01-02,despesa,600,Jerry Flannery's Bar,Lazer
1360,2026-01-02,despesa,1320,Jerry Flannery's Bar,Lazer
1361,2026-01-02,despesa,1320,Jerry Flannery's Bar,Lazer
1362,2026-01-02,despesa,4700,Grove Island Sport And Leisure Facilities Ltd,Lazer
1363,2026-01-02,receita,1200,Payment from JOANA FILIPA COSTA PALMINHA,Transferências internas
1364,2026-01-02,despesa,100,To Flexible Cash Funds,Transferências internas
1365,2026-01-02,despesa,99,To Flexible Cash Funds,Transferências internas
1366,2026-01-02,receita,30,Interest earned - Flexible Cash Funds,Rendimentos
1367,2026-01-03,despesa,1000,Aura Leisure,Lazer
1368,2026-01-03,despesa,501,Lidl,Supermercado
1369,2026-01-03,receita,5000,From Flexible Cash Funds,Transferências internas
1370,2026-01-03,despesa,1,To Flexible Cash Funds,Transferências internas
1371,2026-01-03,receita,3000,From Flexible Cash Funds,Transferências internas
1372,2026-01-03,receita,1500,From Flexible Cash Funds,Transferências internas
1373,2026-01-03,despesa,47,To Flexible Cash Funds,Transferências internas
1374,2026-01-03,despesa,100,To Flexible Cash Funds,Transferências internas
1375,2026-01-03,receita,28,Interest earned - Flexible Cash Funds,Rendimentos
1376,2026-01-04,despesa,600,Vinted,Outras despesas
1377,2026-01-04,despesa,4253,Polonez,Supermercado
1378,2026-01-04,receita,1535,From Flexible Cash Funds,Transferências internas
1379,2026-01-04,despesa,1535,Pagamento (Gabriel Garcia de Araujo) — 50% de Mr Price,Compras e Roupa
1380,2026-01-04,receita,2127,Recebimento (Gabriel Garcia de Araujo) — 50% de Polonez,Outras receitas
1381,2026-01-04,despesa,2145,To Flexible Cash Funds,Transferências internas
1382,2026-01-04,receita,28,Interest earned - Flexible Cash Funds,Rendimentos
1383,2026-01-05,despesa,428,SuperValu,Supermercado
1384,2026-01-05,despesa,2999,CapCut,Assinaturas e Digital
1385,2026-01-05,receita,146916,Payment from DR JOHN CLARKE,Salário
1386,2026-01-05,despesa,100000,To Flexible Cash Funds,Transferências internas
1387,2026-01-05,receita,28,Interest earned - Flexible Cash Funds,Rendimentos
1388,2026-01-06,receita,28500,Payment from JOANA FILIPA COSTA PALMINHA,Transferências internas
1389,2026-01-06,despesa,40000,To Flexible Cash Funds,Transferências internas
1390,2026-01-06,despesa,12500,To Sonia Maria Ferreira Costa,Outras despesas
1391,2026-01-06,despesa,100,To Flexible Cash Funds,Transferências internas
1392,2026-01-06,receita,6325,Vinted,Vendas pessoais
1393,2026-01-06,despesa,35,To Flexible Cash Funds,Transferências internas
1394,2026-01-06,despesa,35,To Flexible Cash Funds,Transferências internas
1395,2026-01-06,receita,29992,Payment from OFFICE OF THE REVENUE COMMISSIONERS,Reembolso
1396,2026-01-06,despesa,30000,To Flexible Cash Funds,Transferências internas
1397,2026-01-06,receita,30000,From Flexible Cash Funds,Transferências internas
1398,2026-01-06,despesa,30000,To Trading 212 Markets Ltd,Transferências internas
1399,2026-01-06,receita,27,Interest earned - Flexible Cash Funds,Rendimentos
1400,2026-01-07,despesa,2000,New Road Clinic,Saúde
1401,2026-01-07,despesa,65,Transport for Ireland - TFI,Transporte
1402,2026-01-07,despesa,65,Transport for Ireland - TFI,Transporte
1403,2026-01-07,receita,20000,Payment from TRADING 212 MARKETS LTD,Transferências internas
1404,2026-01-07,despesa,100,To Flexible Cash Funds,Transferências internas
1405,2026-01-07,despesa,20000,Trading 212,Investimentos
1406,2026-01-07,receita,32,Interest earned - Flexible Cash Funds,Rendimentos
1407,2026-01-08,receita,17000,Payment from JOANA FILIPA COSTA PALMINHA,Transferências internas
1408,2026-01-08,despesa,17000,To Side Hustle 💸,Outras despesas
1409,2026-01-08,despesa,1550,To Side Hustle 💸,Outras despesas
1410,2026-01-08,despesa,21,To Flexible Cash Funds,Transferências internas
1411,2026-01-08,despesa,30,To Flexible Cash Funds,Transferências internas
1412,2026-01-08,receita,32,Interest earned - Flexible Cash Funds,Rendimentos
1413,2026-01-09,despesa,5679,Vinted,Outras despesas
1414,2026-01-09,despesa,35,To Flexible Cash Funds,Transferências internas
1415,2026-01-09,despesa,757,Pagamento (Gabriel Garcia de Araujo) — 50% de Tesco,Supermercado
1416,2026-01-09,despesa,240,Pagamento (Gabriel Garcia de Araujo) — 50% de SPAR Food & Fuel,Supermercado
1417,2026-01-09,despesa,8633,To investment account,Transferências internas
1418,2026-01-09,receita,56,Top Up,Transferências internas
1419,2026-01-09,despesa,6,To Flexible Cash Funds,Transferências internas
1420,2026-01-09,despesa,8598,CIG,Investimentos
1421,2026-01-09,receita,33,Interest earned - Flexible Cash Funds,Rendimentos
1422,2026-01-10,despesa,65,Transport for Ireland - TFI,Transporte
1423,2026-01-10,despesa,870,Amazon,Compras e Roupa
1424,2026-01-10,receita,8000,From Side Hustle 💸,Outras receitas
1425,2026-01-10,despesa,16,To Flexible Cash Funds,Transferências internas
1426,2026-01-10,receita,32,Interest earned - Flexible Cash Funds,Rendimentos
1427,2026-01-11,despesa,2494,Amazon,Compras e Roupa
1428,2026-01-11,receita,645,From Flexible Cash Funds,Transferências internas
1429,2026-01-11,despesa,35,To Flexible Cash Funds,Transferências internas
1430,2026-01-11,despesa,8084,ALDI,Supermercado
1431,2026-01-11,receita,1200,From Side Hustle 💸,Outras receitas
1432,2026-01-11,despesa,38,To Flexible Cash Funds,Transferências internas
1433,2026-01-11,receita,73,From Flexible Cash Funds,Transferências internas
1434,2026-01-11,despesa,35,To Flexible Cash Funds,Transferências internas
1435,2026-01-11,receita,100,From Side Hustle 💸,Outras receitas
1436,2026-01-11,despesa,35,To Flexible Cash Funds,Transferências internas
1437,2026-01-11,receita,1,Interest earned - Side Hustle 💸,Rendimentos
1438,2026-01-11,receita,33,Interest earned - Flexible Cash Funds,Rendimentos
1439,2026-01-12,despesa,65,Transport for Ireland - TFI,Transporte
1440,2026-01-12,despesa,65,Transport for Ireland - TFI,Transporte
1441,2026-01-12,despesa,65,Transport for Ireland - TFI,Transporte
1442,2026-01-12,despesa,4562,Polonez,Supermercado
1443,2026-01-12,receita,4000,From Side Hustle 💸,Outras receitas
1444,2026-01-12,despesa,56,To Flexible Cash Funds,Transferências internas
1445,2026-01-12,despesa,2944,Vinted,Outras despesas
1446,2026-01-12,receita,33,Interest earned - Flexible Cash Funds,Rendimentos
1447,2026-01-13,receita,6000,From Flexible Cash Funds,Transferências internas
1448,2026-01-13,despesa,6000,To Sonia Maria Ferreira Costa,Outras despesas
1449,2026-01-13,receita,10000,From Flexible Cash Funds,Transferências internas
1450,2026-01-13,despesa,79,To Flexible Cash Funds,Transferências internas
1451,2026-01-13,receita,1,Interest earned - Side Hustle 💸,Rendimentos
1452,2026-01-13,receita,33,Interest earned - Flexible Cash Funds,Rendimentos
1453,2026-01-14,despesa,10421,Shein,Compras e Roupa
1454,2026-01-14,receita,4042,Recebimento (Gabriel Garcia de Araujo) — 50% de ALDI,Outras receitas
1455,2026-01-14,receita,2281,Recebimento (Gabriel Garcia de Araujo) — 50% de Polonez,Outras receitas
1456,2026-01-14,despesa,31,To Flexible Cash Funds,Transferências internas
1457,2026-01-14,receita,32,Interest earned - Flexible Cash Funds,Rendimentos
1458,2026-01-15,despesa,3969,Vinted,Outras despesas
1459,2026-01-15,despesa,27,To Flexible Cash Funds,Transferências internas
1460,2026-01-15,despesa,473,Vinted,Outras despesas
1461,2026-01-15,receita,31,Interest earned - Flexible Cash Funds,Rendimentos
1462,2026-01-16,despesa,100,To Flexible Cash Funds,Transferências internas
1463,2026-01-16,despesa,17,To Flexible Cash Funds,Transferências internas
1464,2026-01-16,despesa,91,To Flexible Cash Funds,Transferências internas
1465,2026-01-16,despesa,44,To Flexible Cash Funds,Transferências internas
1466,2026-01-16,receita,10000,From Flexible Cash Funds,Transferências internas
1467,2026-01-16,despesa,60,To Flexible Cash Funds,Transferências internas
1468,2026-01-16,despesa,15,To Flexible Cash Funds,Transferências internas
1469,2026-01-16,despesa,39,To Flexible Cash Funds,Transferências internas
1470,2026-01-16,despesa,45,To Flexible Cash Funds,Transferências internas
1471,2026-01-16,receita,32,Interest earned - Flexible Cash Funds,Rendimentos
1472,2026-01-17,despesa,761,Simple Bake,Alimentação
1473,2026-01-17,despesa,856,Mostek Pokutnic,Alimentação
1474,2026-01-17,despesa,655,Żabka,Supermercado
1475,2026-01-17,despesa,3640,Chopper Bar,Lazer
1476,2026-01-17,despesa,44,To Flexible Cash Funds,Transferências internas
1477,2026-01-17,despesa,1583,WhSmith,Viagem
1478,2026-01-17,despesa,500,Transport for Ireland - TFI,Transporte
1479,2026-01-17,despesa,1209,Lidl,Supermercado
1480,2026-01-17,despesa,785,Parking Wroclaw Nowy,Transporte
1481,2026-01-17,receita,10000,From Flexible Cash Funds,Transferências internas
1482,2026-01-17,receita,20000,From Flexible Cash Funds,Transferências internas
1483,2026-01-17,despesa,89,To Flexible Cash Funds,Transferências internas
1484,2026-01-17,despesa,47,To Flexible Cash Funds,Transferências internas
1485,2026-01-17,despesa,21,To Flexible Cash Funds,Transferências internas
1486,2026-01-17,despesa,38,To Flexible Cash Funds,Transferências internas
1487,2026-01-17,despesa,35,To Flexible Cash Funds,Transferências internas
1488,2026-01-17,receita,32,Interest earned - Flexible Cash Funds,Rendimentos
1489,2026-01-18,despesa,2403,Kawiarnia Lawenda,Compras
1490,2026-01-18,despesa,1682,Dawid Chachula Gastr 0,Alimentação
1491,2026-01-18,despesa,770,Bartus S.c. J.r.b Wilc,Viagem
1492,2026-01-18,despesa,7831,Winterpol,Viagem
1493,2026-01-18,despesa,7687,Jakubcowka I,Viagem
1494,2026-01-18,despesa,1269,McDonald's,Alimentação fora
1495,2026-01-18,despesa,73,To Flexible Cash Funds,Transferências internas
1496,2026-01-18,despesa,81,To Flexible Cash Funds,Transferências internas
1497,2026-01-18,despesa,67,To Flexible Cash Funds,Transferências internas
1498,2026-01-18,despesa,31,To Flexible Cash Funds,Transferências internas
1499,2026-01-18,despesa,100,To Flexible Cash Funds,Transferências internas
1500,2026-01-18,despesa,33,To Flexible Cash Funds,Transferências internas
1501,2026-01-18,receita,10000,From Flexible Cash Funds,Transferências internas
1502,2026-01-18,despesa,60,To Flexible Cash Funds,Transferências internas
1503,2026-01-18,receita,32,Interest earned - Flexible Cash Funds,Rendimentos
1504,2026-01-19,despesa,50,To Flexible Cash Funds,Transferências internas
1505,2026-01-19,despesa,12968,Baltona Duty Free Shop,Viagem
1506,2026-01-19,despesa,625,Cafe Stefanek,Alimentação fora
1507,2026-01-19,despesa,1340,Żabka,Supermercado
1508,2026-01-19,despesa,4815,Orlen,Alimentação
1509,2026-01-19,despesa,575,McDonald's,Alimentação fora
1510,2026-01-19,despesa,505,Parking Wroclaw Nowy,Transporte
1511,2026-01-19,despesa,336,Wrocławskie Pamiątki,Viagem
1512,2026-01-19,receita,381,Recebimento (Gabriel Garcia de Araujo) — 50% de Simple Bake,Outras receitas
1513,2026-01-19,despesa,457,Pagamento (Gabriel Garcia de Araujo) — 50% de WhSmith,Viagem
1514,2026-01-19,despesa,676,Pagamento (Gabriel Garcia de Araujo) — 50% de Glovo,Viagem
1515,2026-01-19,despesa,557,Pagamento (Gabriel Garcia de Araujo) — 50% de Św. Jan - pub regionalny,Viagem
1516,2026-01-19,despesa,392,Pagamento (Gabriel Garcia de Araujo) — 50% de Bartus S.c. J.r.b Wilcz,Viagem
1517,2026-01-19,despesa,951,Pagamento (Gabriel Garcia de Araujo) — 50% de Wypozyczalnia Jakubcowk,Viagem
1518,2026-01-19,receita,605,Recebimento (Gabriel Garcia de Araujo) — 50% de Lidl,Outras receitas
1519,2026-01-19,receita,1820,Recebimento (Gabriel Garcia de Araujo) — 50% de Chopper Bar,Outras receitas
1520,2026-01-19,despesa,1150,Pagamento (Gabriel Garcia de Araujo) — 50% de Chatgpt,Assinaturas e Digital
1521,2026-01-19,despesa,1737,Pagamento (Gabriel Garcia de Araujo) — 50% de ORZO,Viagem
1522,2026-01-19,receita,300,From Flexible Cash Funds,Transferências internas
1523,2026-01-19,despesa,11998,Pagamento (Gabriel Garcia de Araujo) — 50% de Inter Best 97 Polska,Viagem
1524,2026-01-19,receita,10000,From Flexible Cash Funds,Transferências internas
1525,2026-01-19,despesa,21,To Flexible Cash Funds,Transferências internas
1526,2026-01-19,despesa,25,To Flexible Cash Funds,Transferências internas
1527,2026-01-19,despesa,5,To Flexible Cash Funds,Transferências internas
1528,2026-01-19,receita,146916,Payment from DR JOHN CLARKE,Salário
1529,2026-01-19,despesa,80000,To Flexible Cash Funds,Transferências internas
1530,2026-01-19,despesa,33,To Flexible Cash Funds,Transferências internas
1531,2026-01-19,receita,1,Interest earned - Side Hustle 💸,Rendimentos
1532,2026-01-19,receita,32,Interest earned - Flexible Cash Funds,Rendimentos
1533,2026-01-20,despesa,6679,Vinted,Outras despesas
1534,2026-01-20,despesa,1775,Dealz,Compras e Roupa
1535,2026-01-20,despesa,1295,Superdrug,Saúde
1536,2026-01-20,despesa,850,Ryanair,Viagem
1537,2026-01-20,despesa,2167,ALDI,Supermercado
1538,2026-01-20,despesa,21,To Flexible Cash Funds,Transferências internas
1539,2026-01-20,receita,57500,Payment from JOANA FILIPA COSTA PALMINHA,Transferências internas
1540,2026-01-20,despesa,9000,To Side Hustle 💸,Outras despesas
1541,2026-01-20,despesa,6425,To Brasil 2026,Outras despesas
1542,2026-01-20,despesa,4321,To Brasil 2026,Outras despesas
1543,2026-01-20,despesa,5300,To Side Hustle 💸,Outras despesas
1544,2026-01-20,despesa,8000,To Side Hustle 💸,Outras despesas
1545,2026-01-20,despesa,600,To Brasil 2026,Outras despesas
1546,2026-01-20,despesa,14,To Flexible Cash Funds,Transferências internas
1547,2026-01-20,despesa,70,To Flexible Cash Funds,Transferências internas
1548,2026-01-20,despesa,71,To Flexible Cash Funds,Transferências internas
1549,2026-01-20,receita,31,Interest earned - Flexible Cash Funds,Rendimentos
1550,2026-01-21,despesa,6679,Vinted,Outras despesas
1551,2026-01-21,despesa,5629,Vinted,Outras despesas
1552,2026-01-21,despesa,2486,Lidl,Supermercado
1553,2026-01-21,despesa,630,Tesco,Supermercado
1554,2026-01-21,despesa,8400,To Brasil 2026,Outras despesas
1555,2026-01-21,despesa,23,To Flexible Cash Funds,Transferências internas
1556,2026-01-21,receita,33,Interest earned - Flexible Cash Funds,Rendimentos
1557,2026-01-22,despesa,977,Dunnes Stores,Supermercado
1558,2026-01-22,despesa,100,To Flexible Cash Funds,Transferências internas
1559,2026-01-22,despesa,1,To Flexible Cash Funds,Transferências internas
1560,2026-01-22,despesa,1008,To Side Hustle 💸,Outras despesas
1561,2026-01-22,receita,1008,From Side Hustle 💸,Outras receitas
1562,2026-01-22,despesa,1008,To Brasil 2026,Outras despesas
1563,2026-01-22,receita,1,Interest earned - Side Hustle 💸,Rendimentos
1564,2026-01-22,receita,33,Interest earned - Flexible Cash Funds,Rendimentos
1565,2026-01-23,despesa,2599,O'Sullivans Pharmacy,Saúde
1566,2026-01-23,despesa,4000,Walkin Medical Centre,Saúde
1567,2026-01-23,despesa,50000,To Joana Palminha,Transferências internas
1568,2026-01-23,receita,900000,From Flexible Cash Funds,Transferências internas
1569,2026-01-23,despesa,200000,To Joana Palminha,Transferências internas
1570,2026-01-23,despesa,200000,To Joana Palminha,Transferências internas
1571,2026-01-23,despesa,200000,To Joana Palminha,Transferências internas
1572,2026-01-23,despesa,300000,To Joana Palminha,Transferências internas
1573,2026-01-23,despesa,60,To Flexible Cash Funds,Transferências internas
1574,2026-01-23,receita,100000,From Flexible Cash Funds,Transferências internas
1575,2026-01-23,despesa,30000,To Atlantic Technological University ATU,Educação
1576,2026-01-23,receita,1,Interest earned - Brasil 2026,Rendimentos
1577,2026-01-23,receita,34,Interest earned - Flexible Cash Funds,Rendimentos
1578,2026-01-23,receita,1,Interest earned - Side Hustle 💸,Rendimentos
1579,2026-01-24,despesa,540,Daybreak,Supermercado
1580,2026-01-24,despesa,100,To Flexible Cash Funds,Transferências internas
1581,2026-01-24,despesa,1,To Flexible Cash Funds,Transferências internas
1582,2026-01-24,receita,1,Interest earned - Side Hustle 💸,Rendimentos
1583,2026-01-24,receita,33,Interest earned - Flexible Cash Funds,Rendimentos
1584,2026-01-25,despesa,1200,Canva* I04771-32769878,Assinaturas e Digital
1585,2026-01-25,despesa,1999,TK Maxx,Compras e Roupa
1586,2026-01-25,receita,1,Interest earned - Brasil 2026,Rendimentos
1587,2026-01-25,receita,1,Interest earned - Side Hustle 💸,Rendimentos
1588,2026-01-25,receita,33,Interest earned - Flexible Cash Funds,Rendimentos
1589,2026-01-26,despesa,311,Pagamento (Gabriel Garcia de Araujo) — 50% de Lidl,Supermercado
1590,2026-01-26,despesa,1928,Pagamento (Gabriel Garcia de Araujo) — 50% de Polonez,Supermercado
1591,2026-01-26,despesa,3500,Pagamento (Gabriel Garcia de Araujo) — quota Vodafone da Joana,Telefone e internet
1592,2026-01-26,despesa,78500,To Michael Quinn,Moradia
1593,2026-01-26,despesa,36,To Flexible Cash Funds,Transferências internas
1594,2026-01-26,receita,1,Interest earned - Brasil 2026,Rendimentos
1595,2026-01-26,receita,1,Interest earned - Side Hustle 💸,Rendimentos
1596,2026-01-26,receita,33,Interest earned - Flexible Cash Funds,Rendimentos
1597,2026-01-27,despesa,1164,SuperValu,Supermercado
1598,2026-01-28,despesa,100,To Flexible Cash Funds,Transferências internas
1599,2026-01-28,despesa,100,To Flexible Cash Funds,Transferências internas
1600,2026-01-28,receita,4000,From Side Hustle 💸,Outras receitas
1601,2026-01-28,despesa,35,To Flexible Cash Funds,Transferências internas
1602,2026-01-28,receita,1,Interest earned - Brasil 2026,Rendimentos
1603,2026-01-28,receita,1,Interest earned - Side Hustle 💸,Rendimentos
1604,2026-01-29,despesa,740,FREE NOW,Transporte
1605,2026-01-29,despesa,780,FREE NOW,Transporte
1606,2026-01-29,despesa,12000,Treaty Medical Centre,Saúde
1607,2026-01-29,despesa,65,Transport for Ireland - TFI,Transporte
1608,2026-01-29,despesa,35,To Flexible Cash Funds,Transferências internas
1609,2026-01-29,despesa,35,To Flexible Cash Funds,Transferências internas
1610,2026-01-29,receita,1,Interest earned - Brasil 2026,Rendimentos
1611,2026-01-29,receita,1,Interest earned - Side Hustle 💸,Rendimentos
1612,2026-01-30,despesa,65,Transport for Ireland - TFI,Transporte
1613,2026-01-30,despesa,65,Transport for Ireland - TFI,Transporte
1614,2026-01-30,despesa,100,To Flexible Cash Funds,Transferências internas
1615,2026-01-30,receita,19500,Payment from JOANA FILIPA COSTA PALMINHA,Transferências internas
1616,2026-01-30,receita,1,Interest earned - Side Hustle 💸,Rendimentos
1617,2026-01-30,receita,1,Interest earned - Flexible Cash Funds,Rendimentos
1618,2026-01-31,despesa,11000,To Joana Palminha,Transferências internas
1619,2026-01-31,despesa,2135,Pagamento (Gabriel Garcia de Araujo) — 50% de ALDI,Supermercado
1620,2026-01-31,despesa,35,To Flexible Cash Funds,Transferências internas
1621,2026-01-31,despesa,300,Daybreak,Supermercado
1622,2026-01-31,despesa,35,To Flexible Cash Funds,Transferências internas
1623,2026-01-31,receita,4000,From Side Hustle 💸,Outras receitas
1624,2026-01-31,receita,1,Interest earned - Side Hustle 💸,Rendimentos
1625,2026-01-31,receita,1,Interest earned - Brasil 2026,Rendimentos
1626,2026-02-01,despesa,65,Transport for Ireland - TFI,Transporte
1627,2026-02-01,despesa,65,Transport for Ireland - TFI,Transporte
1628,2026-02-01,despesa,35,To Flexible Cash Funds,Transferências internas
1629,2026-02-01,receita,1,Interest earned - Side Hustle 💸,Rendimentos
1630,2026-02-01,receita,1,Interest earned - Brasil 2026,Rendimentos
1631,2026-02-02,despesa,15071,repayment,Empréstimos e Dívidas
1632,2026-02-02,receita,2000,New Road Clinic,Reembolso
1633,2026-02-02,despesa,65,Transport for Ireland - TFI,Transporte
1634,2026-02-02,despesa,4700,Grove Island Sport And Leisure Facilities Ltd,Lazer
1635,2026-02-02,despesa,415,Pagamento (Gabriel Garcia de Araujo) — 50% de SuperValu,Supermercado
1636,2026-02-02,receita,1200,Payment from JOANA FILIPA COSTA PALMINHA,Transferências internas
1637,2026-02-02,receita,146916,Payment from DR JOHN CLARKE,Salário
1638,2026-02-02,despesa,20000,To Sonia Maria Ferreira Costa,Outras despesas
1639,2026-02-02,despesa,100000,To Flexible Cash Funds,Transferências internas
1640,2026-02-03,despesa,3400,To Brasil 2026,Outras despesas
1641,2026-02-03,despesa,4000,To Side Hustle 💸,Outras despesas
1642,2026-02-03,receita,1,Interest earned - Brasil 2026,Rendimentos
1643,2026-02-03,receita,1,Interest earned - Side Hustle 💸,Rendimentos
1644,2026-02-04,despesa,100,To Flexible Cash Funds,Transferências internas
1645,2026-02-04,receita,99988,Payment from OFFICE OF THE REVENUE COMMISSIONERS,Reembolso
1646,2026-02-04,despesa,100000,To Flexible Cash Funds,Transferências internas
1647,2026-02-04,receita,4,Interest earned - Flexible Cash Funds,Rendimentos
1648,2026-02-04,receita,1,Interest earned - Brasil 2026,Rendimentos
1649,2026-02-04,receita,1,Interest earned - Side Hustle 💸,Rendimentos
1650,2026-02-05,despesa,60,To Flexible Cash Funds,Transferências internas
1651,2026-02-05,despesa,43,To Flexible Cash Funds,Transferências internas
1652,2026-02-05,receita,36900,From Flexible Cash Funds,Transferências internas
1653,2026-02-05,despesa,100,To Flexible Cash Funds,Transferências internas
1654,2026-02-05,despesa,100,To Flexible Cash Funds,Transferências internas
1655,2026-02-05,despesa,84,To Flexible Cash Funds,Transferências internas
1656,2026-02-05,receita,2750,Transfer from BERNARDO NUNO MATOS VIDAL DE LIMA CASEIRO,Outras receitas
1657,2026-02-05,receita,3,Interest earned - Flexible Cash Funds,Rendimentos
1658,2026-02-05,receita,1,Interest earned - Brasil 2026,Rendimentos
1659,2026-02-06,despesa,2400,Ryanair,Viagem
1660,2026-02-06,despesa,30000,SSE Airtricity,Moradia
1661,2026-02-06,despesa,1042,Uber,Transporte
1662,2026-02-06,despesa,440,Marqette,Alimentação
1663,2026-02-06,despesa,75,To Flexible Cash Funds,Transferências internas
1664,2026-02-06,receita,5000,From Flexible Cash Funds,Transferências internas
1665,2026-02-06,receita,7,Interest earned - Flexible Cash Funds,Rendimentos
1666,2026-02-06,receita,1,Interest earned - Side Hustle 💸,Rendimentos
1667,2026-02-07,despesa,5500,Taberna D Porcalhota,Lazer
1668,2026-02-07,despesa,7125,Wok City,Alimentação fora
1669,2026-02-07,despesa,316,Uber,Transporte
1670,2026-02-07,receita,6,Interest earned - Flexible Cash Funds,Rendimentos
1671,2026-02-07,receita,1,Interest earned - Brasil 2026,Rendimentos
1672,2026-02-07,receita,1,Interest earned - Side Hustle 💸,Rendimentos
1673,2026-02-08,receita,5,Interest earned - Flexible Cash Funds,Rendimentos
1674,2026-02-08,receita,1,Interest earned - Brasil 2026,Rendimentos
1675,2026-02-08,receita,1,Interest earned - Side Hustle 💸,Rendimentos
1676,2026-02-09,receita,521,Recebimento (Gabriel Garcia de Araujo) — 50% de Uber,Outras receitas
1677,2026-02-09,despesa,1725,Pagamento (Gabriel Garcia de Araujo) — 50% de Museu da Cerveja,Viagem
1678,2026-02-09,receita,3563,Recebimento (Gabriel Garcia de Araujo) — 50% de Wok City,Outras receitas
1679,2026-02-09,receita,6,Interest earned - Flexible Cash Funds,Rendimentos
1680,2026-02-09,receita,1,Interest earned - Brasil 2026,Rendimentos
1681,2026-02-09,receita,1,Interest earned - Side Hustle 💸,Rendimentos
1682,2026-02-10,receita,5,Interest earned - Flexible Cash Funds,Rendimentos
1683,2026-02-11,receita,6,Interest earned - Flexible Cash Funds,Rendimentos
1684,2026-02-11,receita,1,Interest earned - Brasil 2026,Rendimentos
1685,2026-02-11,receita,1,Interest earned - Side Hustle 💸,Rendimentos
1686,2026-02-12,receita,5,Interest earned - Flexible Cash Funds,Rendimentos
1687,2026-02-12,receita,1,Interest earned - Brasil 2026,Rendimentos
1688,2026-02-12,receita,1,Interest earned - Side Hustle 💸,Rendimentos
1689,2026-02-13,receita,6,Interest earned - Flexible Cash Funds,Rendimentos
1690,2026-02-13,receita,1,Interest earned - Brasil 2026,Rendimentos
1691,2026-02-13,receita,1,Interest earned - Side Hustle 💸,Rendimentos
1692,2026-02-14,despesa,62,To Flexible Cash Funds,Transferências internas
1693,2026-02-14,receita,5800,From Flexible Cash Funds,Transferências internas
1694,2026-02-14,receita,5,Interest earned - Flexible Cash Funds,Rendimentos
1695,2026-02-14,receita,1,Interest earned - Brasil 2026,Rendimentos
1696,2026-02-15,despesa,1048,Tao Lanchonete,Lazer
1697,2026-02-15,receita,5,Interest earned - Flexible Cash Funds,Rendimentos
1698,2026-02-15,receita,1,Interest earned - Side Hustle 💸,Rendimentos
1699,2026-02-16,receita,146916,Payment from DR JOHN CLARKE,Salário
1700,2026-02-16,receita,6,Interest earned - Flexible Cash Funds,Rendimentos
1701,2026-02-16,receita,1,Interest earned - Brasil 2026,Rendimentos
1702,2026-02-16,receita,1,Interest earned - Side Hustle 💸,Rendimentos
1703,2026-02-17,despesa,50000,To Flexible Cash Funds,Transferências internas
1704,2026-02-17,receita,100000,From Flexible Cash Funds,Transferências internas
1705,2026-02-17,despesa,60000,To Sonia Maria Ferreira Costa,Outras despesas
1706,2026-02-17,receita,5,Interest earned - Flexible Cash Funds,Rendimentos
1707,2026-02-17,receita,1,Interest earned - Brasil 2026,Rendimentos
1708,2026-02-17,receita,1,Interest earned - Side Hustle 💸,Rendimentos
1709,2026-02-18,receita,5,Interest earned - Flexible Cash Funds,Rendimentos
1710,2026-02-18,receita,1,Interest earned - Brasil 2026,Rendimentos
1711,2026-02-19,despesa,1150,Pagamento (Gabriel Garcia de Araujo) — 50% de Chatgpt,Assinaturas e Digital
1712,2026-02-19,despesa,23300,To Joana Palminha irl,Transferências internas
1713,2026-02-19,receita,3,Interest earned - Flexible Cash Funds,Rendimentos
1714,2026-02-19,receita,1,Interest earned - Side Hustle 💸,Rendimentos
1715,2026-02-20,receita,4,Interest earned - Flexible Cash Funds,Rendimentos
1716,2026-02-20,receita,1,Interest earned - Side Hustle 💸,Rendimentos
1717,2026-02-20,receita,1,Interest earned - Brasil 2026,Rendimentos
1718,2026-02-21,despesa,30000,To Atlantic Technological University ATU,Educação
1719,2026-02-21,receita,3,Interest earned - Flexible Cash Funds,Rendimentos
1720,2026-02-21,receita,1,Interest earned - Side Hustle 💸,Rendimentos
1721,2026-02-21,receita,1,Interest earned - Brasil 2026,Rendimentos
1722,2026-02-22,receita,4,Interest earned - Flexible Cash Funds,Rendimentos
1723,2026-02-22,receita,1,Interest earned - Side Hustle 💸,Rendimentos
1724,2026-02-22,receita,1,Interest earned - Brasil 2026,Rendimentos
1725,2026-02-23,despesa,78500,To Michael Quinn,Moradia
1726,2026-02-23,receita,4,Interest earned - Flexible Cash Funds,Rendimentos
1727,2026-02-24,despesa,18,To EUR Flexible Cash Funds,Transferências internas
1728,2026-02-24,despesa,38,To EUR Flexible Cash Funds,Transferências internas
1729,2026-02-24,receita,3,Interest earned - Flexible Cash Funds,Rendimentos
1730,2026-02-24,receita,1,Interest earned - Side Hustle 💸,Rendimentos
1731,2026-02-24,receita,1,Interest earned - Brasil 2026,Rendimentos
1732,2026-02-25,despesa,1662,Hudson News,Alimentação
1733,2026-02-25,despesa,2682,DGA Comercial,Compras
1734,2026-02-25,despesa,5,To EUR Flexible Cash Funds,Transferências internas
1735,2026-02-25,despesa,100,To EUR Flexible Cash Funds,Transferências internas
1736,2026-02-25,despesa,6,To EUR Flexible Cash Funds,Transferências internas
1737,2026-02-25,despesa,100,To EUR Flexible Cash Funds,Transferências internas
1738,2026-02-25,receita,4,Interest earned - Flexible Cash Funds,Rendimentos
1739,2026-02-25,receita,1,Interest earned - Side Hustle 💸,Rendimentos
1740,2026-02-25,receita,1,Interest earned - Brasil 2026,Rendimentos
1741,2026-02-26,despesa,50,To EUR Flexible Cash Funds,Transferências internas
1742,2026-02-26,despesa,3000,McDonald's,Alimentação fora
1743,2026-02-26,despesa,1195,Uber,Transporte
1744,2026-02-26,despesa,95,To EUR Flexible Cash Funds,Transferências internas
1745,2026-02-26,receita,3,Interest earned - Flexible Cash Funds,Rendimentos
1746,2026-02-26,receita,1,Interest earned - Side Hustle 💸,Rendimentos
1747,2026-02-26,receita,1,Interest earned - Brasil 2026,Rendimentos
1748,2026-02-27,despesa,3800,Ryanair,Viagem
1749,2026-02-27,despesa,1194,Uber,Transporte
1750,2026-02-27,despesa,350,Ryanair,Viagem
1751,2026-02-27,despesa,2205,ALDI,Supermercado
1752,2026-02-27,receita,1340,Recebimento (Gabriel Garcia de Araujo) — 50% de DGA Comercial,Outras receitas
1753,2026-02-27,receita,4,Interest earned - Flexible Cash Funds,Rendimentos
1754,2026-02-27,receita,1,Interest earned - Brasil 2026,Rendimentos
1755,2026-02-28,despesa,3500,Pagamento (Gabriel Garcia de Araujo) — quota Vodafone da Joana,Telefone e internet
1756,2026-02-28,despesa,35,To EUR Flexible Cash Funds,Transferências internas
1757,2026-02-28,despesa,38,To EUR Flexible Cash Funds,Transferências internas
1758,2026-02-28,despesa,20,To EUR Flexible Cash Funds,Transferências internas
1759,2026-02-28,receita,4,Interest earned - Flexible Cash Funds,Rendimentos
1760,2026-02-28,receita,1,Interest earned - Side Hustle 💸,Rendimentos
1761,2026-03-01,receita,13500,From EUR Side Hustle 💸,Outras receitas
1762,2026-03-01,despesa,1280,Dealz,Compras e Roupa
1763,2026-03-01,despesa,2162,Tesco,Supermercado
1764,2026-03-01,despesa,65,Transport for Ireland - TFI,Transporte
1765,2026-03-01,receita,11000,From EUR Flexible Cash Funds,Transferências internas
1766,2026-03-01,despesa,11000,To Joana Palminha,Transferências internas
1767,2026-03-01,receita,3,Interest earned - Flexible Cash Funds,Rendimentos
1768,2026-03-01,receita,1,Interest earned - Side Hustle 💸,Rendimentos
1769,2026-03-01,receita,1,Interest earned - Brasil 2026,Rendimentos
1770,2026-03-02,despesa,15071,repayment,Empréstimos e Dívidas
1771,2026-03-02,despesa,4700,Grove Island Sport And Leisure Facilities Ltd,Lazer
1772,2026-03-02,despesa,5900,To EUR Flexible Cash Funds,Transferências internas
1773,2026-03-02,receita,146916,Payment from DR JOHN CLARKE,Salário
1774,2026-03-02,receita,4,Interest earned - Flexible Cash Funds,Rendimentos
1775,2026-03-02,receita,1,Interest earned - Brasil 2026,Rendimentos
1776,2026-03-02,receita,1,Interest earned - Side Hustle 💸,Rendimentos
1777,2026-03-03,despesa,120000,To EUR Flexible Cash Funds,Transferências internas
1778,2026-03-03,despesa,35,To EUR Flexible Cash Funds,Transferências internas
1779,2026-03-03,despesa,51,To EUR Flexible Cash Funds,Transferências internas
1780,2026-03-03,receita,20000,From EUR Flexible Cash Funds,Transferências internas
1781,2026-03-03,despesa,8646,To investment account,Transferências internas
1782,2026-03-03,despesa,30,To EUR Flexible Cash Funds,Transferências internas
1783,2026-03-03,despesa,8611,CIG,Investimentos
1784,2026-03-03,receita,3,Interest earned - Flexible Cash Funds,Rendimentos
1785,2026-03-03,receita,1,Interest earned - Brasil 2026,Rendimentos
1786,2026-03-04,despesa,10070,Trading 212,Investimentos
1787,2026-03-04,despesa,65,Transport for Ireland - TFI,Transporte
1788,2026-03-04,despesa,449,SuperValu,Supermercado
1789,2026-03-04,despesa,519,Pagamento (Gabriel Garcia de Araujo) — 50% de ALDI,Supermercado
1790,2026-03-04,despesa,810,Pagamento (Gabriel Garcia de Araujo) — 50% de ALDI,Supermercado
1791,2026-03-04,receita,1081,Recebimento (Gabriel Garcia de Araujo) — 50% de Tesco,Outras receitas
1792,2026-03-04,receita,640,Recebimento (Gabriel Garcia de Araujo) — 50% de Dealz,Outras receitas
1793,2026-03-04,receita,1103,Recebimento (Gabriel Garcia de Araujo) — 50% de ALDI,Outras receitas
1794,2026-03-04,receita,1500,Recebimento (Gabriel Garcia de Araujo) — 50% de McDonald's,Outras receitas
1795,2026-03-04,receita,597,Recebimento (Gabriel Garcia de Araujo) — 50% de Uber,Outras receitas
1796,2026-03-04,receita,598,Recebimento (Gabriel Garcia de Araujo) — 50% de Uber,Outras receitas
1797,2026-03-04,receita,8,Interest earned - Flexible Cash Funds,Rendimentos
1798,2026-03-04,receita,1,Interest earned - Brasil 2026,Rendimentos
1799,2026-03-05,receita,1100,Payment from JOANA FILIPA COSTA PALMINHA,Transferências internas
1800,2026-03-05,receita,6,Interest earned - Flexible Cash Funds,Rendimentos
1801,2026-03-05,receita,1,Interest earned - Side Hustle 💸,Rendimentos
1802,2026-03-06,despesa,6000,To Sonia Maria Ferreira Costa,Outras despesas
1803,2026-03-06,despesa,35,To EUR Flexible Cash Funds,Transferências internas
1804,2026-03-06,receita,7,Interest earned - Flexible Cash Funds,Rendimentos
1805,2026-03-06,receita,1,Interest earned - Brasil 2026,Rendimentos
1806,2026-03-07,despesa,65,Transport for Ireland - TFI,Transporte
1807,2026-03-07,despesa,10000,To Sonia Maria Ferreira Costa,Outras despesas
1808,2026-03-07,despesa,35,To EUR Flexible Cash Funds,Transferências internas
1809,2026-03-07,receita,10000,From EUR Flexible Cash Funds,Transferências internas
1810,2026-03-07,despesa,17,To EUR Flexible Cash Funds,Transferências internas
1811,2026-03-07,despesa,88,To EUR Flexible Cash Funds,Transferências internas
1812,2026-03-07,despesa,24,To EUR Flexible Cash Funds,Transferências internas
1813,2026-03-07,receita,7,Interest earned - Flexible Cash Funds,Rendimentos
1814,2026-03-07,receita,1,Interest earned - Brasil 2026,Rendimentos
1815,2026-03-08,despesa,1376,Lidl,Supermercado
1816,2026-03-08,despesa,4312,Tesco,Supermercado
1817,2026-03-08,despesa,65,Transport for Ireland - TFI,Transporte
1818,2026-03-08,despesa,4783,Polonez,Supermercado
1819,2026-03-08,receita,6,Interest earned - Flexible Cash Funds,Rendimentos
1820,2026-03-08,receita,1,Interest earned - Side Hustle 💸,Rendimentos
1821,2026-03-08,receita,1,Interest earned - Brasil 2026,Rendimentos
1822,2026-03-09,receita,2000,From EUR Flexible Cash Funds,Transferências internas
1823,2026-03-09,receita,10000,From EUR Flexible Cash Funds,Transferências internas
1824,2026-03-09,despesa,10,To EUR Flexible Cash Funds,Transferências internas
1825,2026-03-09,despesa,35,To EUR Flexible Cash Funds,Transferências internas
1826,2026-03-09,receita,7,Interest earned - Flexible Cash Funds,Rendimentos
1827,2026-03-09,receita,1,Interest earned - Brasil 2026,Rendimentos
1828,2026-03-10,despesa,2490,O'Sullivans Pharmacy,Saúde
1829,2026-03-10,despesa,65,Transport for Ireland - TFI,Transporte
1830,2026-03-10,despesa,3068,Pagamento (Gabriel Garcia de Araujo) — 50% de ALDI,Supermercado
1831,2026-03-10,receita,2392,Recebimento (Gabriel Garcia de Araujo) — 50% de Polonez,Outras receitas
1832,2026-03-10,receita,7,Interest earned - Flexible Cash Funds,Rendimentos
1833,2026-03-11,despesa,50,To EUR Flexible Cash Funds,Transferências internas
1834,2026-03-11,receita,6,Interest earned - Flexible Cash Funds,Rendimentos
1835,2026-03-11,receita,1,Interest earned - Side Hustle 💸,Rendimentos
1836,2026-03-11,receita,1,Interest earned - Brasil 2026,Rendimentos
1837,2026-03-12,receita,2156,Recebimento (Gabriel Garcia de Araujo) — 50% de Tesco,Outras receitas
1838,2026-03-12,despesa,50,To EUR Flexible Cash Funds,Transferências internas
1839,2026-03-12,receita,6,Interest earned - Flexible Cash Funds,Rendimentos
1840,2026-03-12,receita,1,Interest earned - Brasil 2026,Rendimentos
1841,2026-03-13,despesa,1350,South's Pub,Lazer
1842,2026-03-13,despesa,450,24/7 Shop,Supermercado
1843,2026-03-13,despesa,31,To EUR Flexible Cash Funds,Transferências internas
1844,2026-03-13,despesa,1,To EUR Flexible Cash Funds,Transferências internas
1845,2026-03-13,receita,6,Interest earned - Flexible Cash Funds,Rendimentos
1846,2026-03-13,receita,1,Interest earned - Brasil 2026,Rendimentos
1847,2026-03-14,despesa,99,Lidl,Supermercado
1848,2026-03-14,despesa,6069,Lidl,Supermercado
1849,2026-03-14,despesa,51,To EUR Flexible Cash Funds,Transferências internas
1850,2026-03-14,receita,9000,From EUR Flexible Cash Funds,Transferências internas
1851,2026-03-14,despesa,52,To EUR Flexible Cash Funds,Transferências internas
1852,2026-03-14,despesa,35,To EUR Flexible Cash Funds,Transferências internas
1853,2026-03-14,receita,6,Interest earned - Flexible Cash Funds,Rendimentos
1854,2026-03-14,receita,1,Interest earned - Side Hustle 💸,Rendimentos
1855,2026-03-14,receita,1,Interest earned - Brasil 2026,Rendimentos
1856,2026-03-15,despesa,65,Transport for Ireland - TFI,Transporte
1857,2026-03-15,despesa,249,Eason,Lazer
1858,2026-03-15,receita,6,Interest earned - Flexible Cash Funds,Rendimentos
1859,2026-03-16,despesa,348,To Go,Outras despesas
1860,2026-03-16,receita,146915,Payment from DR JOHN CLARKE,Salário
1861,2026-03-16,despesa,88,To EUR Flexible Cash Funds,Transferências internas
1862,2026-03-16,despesa,100000,To EUR Flexible Cash Funds,Transferências internas
1863,2026-03-16,despesa,35,To EUR Flexible Cash Funds,Transferências internas
1864,2026-03-16,receita,6,Interest earned - Flexible Cash Funds,Rendimentos
1865,2026-03-16,receita,1,Interest earned - Brasil 2026,Rendimentos
1866,2026-03-17,despesa,65,Transport for Ireland - TFI,Transporte
1867,2026-03-17,despesa,70,To EUR Flexible Cash Funds,Transferências internas
1868,2026-03-17,despesa,3712,SuperValu,Supermercado
1869,2026-03-17,despesa,65,To EUR Flexible Cash Funds,Transferências internas
1870,2026-03-17,despesa,1300,Transfer to Ines De Oliveira Alves Vieira Estrela,Moradia
1871,2026-03-17,despesa,35,To EUR Flexible Cash Funds,Transferências internas
1872,2026-03-17,receita,5,Interest earned - Flexible Cash Funds,Rendimentos
1873,2026-03-17,receita,1,Interest earned - Side Hustle 💸,Rendimentos
1874,2026-03-17,receita,1,Interest earned - Brasil 2026,Rendimentos
1875,2026-03-18,despesa,3000,To Joana Palminha,Transferências internas
1876,2026-03-18,despesa,335,Dunnes Stores,Supermercado
1877,2026-03-18,despesa,65,Transport for Ireland - TFI,Transporte
1878,2026-03-18,despesa,35,To EUR Flexible Cash Funds,Transferências internas
1879,2026-03-18,despesa,1,To EUR Flexible Cash Funds,Transferências internas
1880,2026-03-18,despesa,330,Daybreak,Supermercado
1881,2026-03-18,receita,10,Interest earned - Flexible Cash Funds,Rendimentos
1882,2026-03-18,receita,1,Interest earned - Brasil 2026,Rendimentos
1883,2026-03-19,despesa,5199,Sports Direct,Compras e Roupa
1884,2026-03-19,despesa,65,Transport for Ireland - TFI,Transporte
1885,2026-03-19,despesa,2,To EUR Flexible Cash Funds,Transferências internas
1886,2026-03-19,receita,9,Interest earned - Flexible Cash Funds,Rendimentos
1887,2026-03-19,receita,1,Interest earned - Brasil 2026,Rendimentos
1888,2026-03-20,despesa,398,Lidl,Supermercado
1889,2026-03-20,despesa,100,To EUR Flexible Cash Funds,Transferências internas
1890,2026-03-20,despesa,10,To EUR Flexible Cash Funds,Transferências internas
1891,2026-03-20,receita,9,Interest earned - Flexible Cash Funds,Rendimentos
1892,2026-03-20,receita,1,Interest earned - Side Hustle 💸,Rendimentos
1893,2026-03-21,despesa,3890,Freenow,Transporte
1894,2026-03-21,despesa,100,To EUR Flexible Cash Funds,Transferências internas
1895,2026-03-21,receita,9,Interest earned - Flexible Cash Funds,Rendimentos
1896,2026-03-21,receita,1,Interest earned - Brasil 2026,Rendimentos
1897,2026-03-22,despesa,500,Transport for Ireland - TFI,Transporte
1898,2026-03-22,receita,1945,Recebimento (Gabriel Garcia de Araujo) — 50% de Freenow,Outras receitas
1899,2026-03-22,receita,39200,Recebimento (Gabriel Garcia de Araujo) — contribuição para renda,Outras receitas
1900,2026-03-22,despesa,3500,Pagamento (Gabriel Garcia de Araujo) — quota Vodafone da Joana,Telefone e internet
1901,2026-03-22,receita,160000,From EUR Flexible Cash Funds,Transferências internas
1902,2026-03-22,despesa,160000,Pagamento (Gabriel Garcia de Araujo) — aporte para compra do Hyundai ix35,Carro
1903,2026-03-22,despesa,1,To EUR Flexible Cash Funds,Transferências internas
1904,2026-03-22,despesa,100,To EUR Flexible Cash Funds,Transferências internas
1905,2026-03-22,despesa,10,To EUR Flexible Cash Funds,Transferências internas
1906,2026-03-22,despesa,37,To EUR Flexible Cash Funds,Transferências internas
1907,2026-03-22,despesa,70,To EUR Flexible Cash Funds,Transferências internas
1908,2026-03-22,receita,9,Interest earned - Flexible Cash Funds,Rendimentos
1909,2026-03-22,receita,1,Interest earned - Brasil 2026,Rendimentos
1910,2026-03-23,despesa,230,MidLink,Outras despesas
1911,2026-03-23,despesa,99,Lidl,Supermercado
1912,2026-03-23,despesa,2463,ALDI,Supermercado
1913,2026-03-23,despesa,1000,McDonald's,Alimentação fora
1914,2026-03-23,despesa,790,McDonald's,Alimentação fora
1915,2026-03-23,receita,9,Interest earned - Flexible Cash Funds,Rendimentos
1916,2026-03-23,receita,1,Interest earned - Side Hustle 💸,Rendimentos
1917,2026-03-23,receita,1,Interest earned - Brasil 2026,Rendimentos
1918,2026-03-24,receita,4,Interest earned - Flexible Cash Funds,Rendimentos
1919,2026-03-24,receita,1,Interest earned - Brasil 2026,Rendimentos
1920,2026-03-25,despesa,59,To EUR Flexible Cash Funds,Transferências internas
1921,2026-03-25,receita,4,Interest earned - Flexible Cash Funds,Rendimentos
1922,2026-03-26,despesa,8141,ALDI,Supermercado
1923,2026-03-26,despesa,5500,To EUR Austrália 2027/2028,Transferências internas
1924,2026-03-26,despesa,6400,To EUR Austrália 2027/2028,Transferências internas
1925,2026-03-26,despesa,2280,Pagamento (Gabriel Garcia de Araujo) — 50% de Polonez,Supermercado
1926,2026-03-26,receita,4071,Recebimento (Gabriel Garcia de Araujo) — 50% de ALDI,Outras receitas
1927,2026-03-26,receita,4,Interest earned - Flexible Cash Funds,Rendimentos
1928,2026-03-26,receita,1,Interest earned - Side Hustle 💸,Rendimentos
1929,2026-03-26,receita,1,Interest earned - Brasil 2026,Rendimentos
1930,2026-03-27,receita,4,Interest earned - Flexible Cash Funds,Rendimentos
1931,2026-03-27,receita,1,Interest earned - Brasil 2026,Rendimentos
1932,2026-03-28,receita,60000,From EUR Flexible Cash Funds,Transferências internas
1933,2026-03-28,despesa,30000,To Atlantic Technological University ATU,Educação
1934,2026-03-28,receita,4,Interest earned - Flexible Cash Funds,Rendimentos
1935,2026-03-28,receita,1,Interest earned - Brasil 2026,Rendimentos
1936,2026-03-29,receita,5000,From EUR Flexible Cash Funds,Transferências internas
1937,2026-03-29,despesa,2500,To Joana Palminha,Transferências internas
1938,2026-03-29,receita,13000,Payment from GORDILLO RODRIGUEZ MARTA,Outras receitas
1939,2026-03-29,despesa,8000,To EUR Austrália 2027/2028,Transferências internas
1940,2026-03-29,despesa,5000,To EUR Flexible Cash Funds,Transferências internas
1941,2026-03-29,despesa,35,To EUR Flexible Cash Funds,Transferências internas
1942,2026-03-29,receita,4,Interest earned - Flexible Cash Funds,Rendimentos
1943,2026-03-29,receita,1,Interest earned - Side Hustle 💸,Rendimentos
1944,2026-03-29,receita,1,Interest earned - Brasil 2026,Rendimentos
1945,2026-03-30,despesa,78500,To Michael Quinn,Moradia
1946,2026-03-30,despesa,65,Transport for Ireland - TFI,Transporte
1947,2026-03-30,receita,4,Interest earned - Flexible Cash Funds,Rendimentos
1948,2026-03-30,receita,2,Interest earned - Brasil 2026,Rendimentos
1949,2026-03-31,receita,146916,Payment from DR JOHN CLARKE,Salário
1950,2026-03-31,receita,1,Interest earned - Flexible Cash Funds,Rendimentos
1951,2026-03-31,receita,1,Interest earned - Brasil 2026,Rendimentos
1952,2026-04-01,despesa,10000,To Joana Palminha,Transferências internas
1953,2026-04-01,despesa,80000,To EUR Flexible Cash Funds,Transferências internas
1954,2026-04-01,despesa,4700,Grove Island Sport And Leisure Facilities Ltd,Lazer
1955,2026-04-01,receita,2,Interest earned - Flexible Cash Funds,Rendimentos
1956,2026-04-01,receita,1,Interest earned - Side Hustle 💸,Rendimentos
1957,2026-04-01,receita,2,Interest earned - Brasil 2026,Rendimentos
1958,2026-04-02,despesa,94,To EUR Flexible Cash Funds,Transferências internas
1959,2026-04-02,despesa,15071,repayment,Empréstimos e Dívidas
1960,2026-04-02,despesa,44,To EUR Flexible Cash Funds,Transferências internas
1961,2026-04-02,receita,80000,From EUR Flexible Cash Funds,Transferências internas
1962,2026-04-02,despesa,100,To EUR Flexible Cash Funds,Transferências internas
1963,2026-04-02,despesa,33106,Awx Stacees,Compras e Roupa
1964,2026-04-02,receita,9900,Payment from JOANA FILIPA COSTA PALMINHA,Transferências internas
1965,2026-04-02,despesa,8000,To Joana Palminha,Transferências internas
1966,2026-04-02,despesa,2800,To Joana Palminha,Transferências internas
1967,2026-04-02,receita,39750,Recebimento (Gabriel Garcia de Araujo) — contribuição para renda,Outras receitas
1968,2026-04-02,despesa,35,To EUR Flexible Cash Funds,Transferências internas
1969,2026-04-02,despesa,61,To EUR Flexible Cash Funds,Transferências internas
1970,2026-04-02,despesa,35,To EUR Flexible Cash Funds,Transferências internas
1971,2026-04-02,receita,5,Interest earned - Flexible Cash Funds,Rendimentos
1972,2026-04-02,receita,1,Interest earned - Brasil 2026,Rendimentos
1973,2026-04-03,despesa,4156,Irish Rail,Transporte
1974,2026-04-03,despesa,79500,marryabroadsimply.com,Lazer
1975,2026-04-03,despesa,65,Transport for Ireland - TFI,Transporte
1976,2026-04-03,despesa,65,Transport for Ireland - TFI,Transporte
1977,2026-04-03,despesa,4539,SuperValu,Supermercado
1978,2026-04-03,despesa,100,To EUR Flexible Cash Funds,Transferências internas
1979,2026-04-03,receita,4,Interest earned - Flexible Cash Funds,Rendimentos
1980,2026-04-03,receita,2,Interest earned - Brasil 2026,Rendimentos
1981,2026-04-04,despesa,500,Transport for Ireland - TFI,Transporte
1982,2026-04-04,despesa,45,To EUR Flexible Cash Funds,Transferências internas
1983,2026-04-04,despesa,3,To EUR Flexible Cash Funds,Transferências internas
1984,2026-04-04,despesa,6,To EUR Flexible Cash Funds,Transferências internas
1985,2026-04-04,receita,5,Interest earned - Flexible Cash Funds,Rendimentos
1986,2026-04-04,receita,1,Interest earned - Side Hustle 💸,Rendimentos
1987,2026-04-04,receita,1,Interest earned - Brasil 2026,Rendimentos
1988,2026-04-05,despesa,1194,Polonez,Supermercado
1989,2026-04-05,despesa,1597,Mr Price,Compras e Roupa
1990,2026-04-05,receita,4,Interest earned - Flexible Cash Funds,Rendimentos
1991,2026-04-05,receita,1,Interest earned - Brasil 2026,Rendimentos
1992,2026-04-06,despesa,30000,To EUR Flexible Cash Funds,Transferências internas
1993,2026-04-06,despesa,55,To EUR Flexible Cash Funds,Transferências internas
1994,2026-04-06,despesa,60,To EUR Flexible Cash Funds,Transferências internas
1995,2026-04-06,receita,5,Interest earned - Flexible Cash Funds,Rendimentos
1996,2026-04-06,receita,2,Interest earned - Brasil 2026,Rendimentos
1997,2026-04-07,despesa,1255,McCabes Pharmacy,Saúde
1998,2026-04-07,despesa,2545,Supermac's,Alimentação fora
1999,2026-04-07,despesa,1640,Irish Rail,Transporte
2000,2026-04-07,receita,10000,From EUR Flexible Cash Funds,Transferências internas
2001,2026-04-07,despesa,50,To EUR Flexible Cash Funds,Transferências internas
2002,2026-04-07,despesa,68,To EUR Flexible Cash Funds,Transferências internas
2003,2026-04-07,despesa,35,To EUR Flexible Cash Funds,Transferências internas
2004,2026-04-07,receita,2500,From EUR Flexible Cash Funds,Transferências internas
2005,2026-04-07,receita,4,Interest earned - Flexible Cash Funds,Rendimentos
2006,2026-04-07,receita,1,Interest earned - Side Hustle 💸,Rendimentos
2007,2026-04-07,receita,1,Interest earned - Brasil 2026,Rendimentos
2008,2026-04-08,despesa,65,Transport for Ireland - TFI,Transporte
2009,2026-04-08,despesa,4550,Polonez,Supermercado
2010,2026-04-08,receita,20000,From EUR Flexible Cash Funds,Transferências internas
2011,2026-04-08,despesa,5532,ALDI,Supermercado
2012,2026-04-08,receita,5000,From EUR Flexible Cash Funds,Transferências internas
2013,2026-04-08,despesa,14,To EUR Flexible Cash Funds,Transferências internas
2014,2026-04-08,receita,3,Interest earned - Flexible Cash Funds,Rendimentos
2015,2026-04-08,receita,2,Interest earned - Brasil 2026,Rendimentos
2016,2026-04-09,despesa,20000,To EUR Flexible Cash Funds,Transferências internas
2017,2026-04-09,receita,2766,Recebimento (Gabriel Garcia de Araujo) — 50% de ALDI,Outras receitas
2018,2026-04-09,receita,2275,Recebimento (Gabriel Garcia de Araujo) — 50% de Polonez,Outras receitas
2019,2026-04-09,despesa,3486,ALDI,Supermercado
2020,2026-04-09,receita,3,Interest earned - Flexible Cash Funds,Rendimentos
2021,2026-04-09,receita,1,Interest earned - Brasil 2026,Rendimentos
2022,2026-04-10,despesa,35,To EUR Flexible Cash Funds,Transferências internas
2023,2026-04-10,despesa,100,To EUR Flexible Cash Funds,Transferências internas
2024,2026-04-10,despesa,70,To EUR Flexible Cash Funds,Transferências internas
2025,2026-04-10,despesa,35,To EUR Flexible Cash Funds,Transferências internas
2026,2026-04-10,despesa,2500,To Sonia Maria Ferreira Costa,Outras despesas
2027,2026-04-10,despesa,15,To EUR Flexible Cash Funds,Transferências internas
2028,2026-04-10,receita,1,Interest earned - Flexible Cash Funds,Rendimentos
2029,2026-04-10,receita,1,Interest earned - Side Hustle 💸,Rendimentos
2030,2026-04-10,receita,2,Interest earned - Brasil 2026,Rendimentos
2031,2026-04-11,despesa,10685,Sp Aladdins Cave,Viagem
2032,2026-04-11,despesa,400,Circle K Gas Station,Carro
2033,2026-04-11,despesa,65,Transport for Ireland - TFI,Transporte
2034,2026-04-11,despesa,65,Transport for Ireland - TFI,Transporte
2035,2026-04-11,despesa,230,Directroute,Alimentação
2036,2026-04-11,despesa,35,To EUR Flexible Cash Funds,Transferências internas
2037,2026-04-11,despesa,25,To EUR Flexible Cash Funds,Transferências internas
2038,2026-04-11,despesa,84,To EUR Flexible Cash Funds,Transferências internas
2039,2026-04-11,despesa,71,To EUR Flexible Cash Funds,Transferências internas
2040,2026-04-11,despesa,35,To EUR Flexible Cash Funds,Transferências internas
2041,2026-04-11,despesa,35,To EUR Flexible Cash Funds,Transferências internas
2042,2026-04-11,receita,2,Interest earned - Flexible Cash Funds,Rendimentos
2043,2026-04-11,receita,1,Interest earned - Brasil 2026,Rendimentos
2044,2026-04-12,despesa,1616,Boots,Saúde
2045,2026-04-12,despesa,529,Tesco,Supermercado
2046,2026-04-12,despesa,75,CEWE,Alimentação
2047,2026-04-12,despesa,65,Transport for Ireland - TFI,Transporte
2048,2026-04-12,despesa,65,Transport for Ireland - TFI,Transporte
2049,2026-04-12,despesa,65,Transport for Ireland - TFI,Transporte
2050,2026-04-12,despesa,98,To EUR Flexible Cash Funds,Transferências internas
2051,2026-04-12,despesa,3600,To Joana Palminha,Transferências internas
2052,2026-04-12,despesa,10000,To EUR Flexible Cash Funds,Transferências internas
2053,2026-04-12,despesa,200,To EUR Flexible Cash Funds,Transferências internas
2054,2026-04-12,receita,50000,From EUR Flexible Cash Funds,Transferências internas
2055,2026-04-12,despesa,50000,To EUR Flexible Cash Funds,Transferências internas
2056,2026-04-12,despesa,10,To EUR Flexible Cash Funds,Transferências internas
2057,2026-04-12,receita,2600,From EUR Flexible Cash Funds,Transferências internas
2058,2026-04-12,despesa,100,To EUR Flexible Cash Funds,Transferências internas
2059,2026-04-12,receita,200,From EUR Flexible Cash Funds,Transferências internas
2060,2026-04-12,despesa,27,To EUR Flexible Cash Funds,Transferências internas
2061,2026-04-12,receita,3,Interest earned - Flexible Cash Funds,Rendimentos
2062,2026-04-12,receita,2,Interest earned - Brasil 2026,Rendimentos
2063,2026-04-13,despesa,2673,Vinted,Outras despesas
2064,2026-04-13,despesa,490,Vinted,Outras despesas
2065,2026-04-13,despesa,2502,Temu,Compras e Roupa
2066,2026-04-13,receita,5000,From EUR Flexible Cash Funds,Transferências internas
2067,2026-04-13,despesa,24,To EUR Flexible Cash Funds,Transferências internas
2068,2026-04-13,receita,2,Interest earned - Flexible Cash Funds,Rendimentos
2069,2026-04-13,receita,1,Interest earned - Side Hustle 💸,Rendimentos
2070,2026-04-13,receita,1,Interest earned - Brasil 2026,Rendimentos
2071,2026-04-14,despesa,1676,Vinted,Outras despesas
2072,2026-04-14,despesa,90,To EUR Flexible Cash Funds,Transferências internas
2073,2026-04-14,despesa,53,To EUR Flexible Cash Funds,Transferências internas
2074,2026-04-14,receita,800,From EUR Flexible Cash Funds,Transferências internas
2075,2026-04-14,despesa,50,To EUR Flexible Cash Funds,Transferências internas
2076,2026-04-14,despesa,547,Temu,Compras e Roupa
2077,2026-04-14,despesa,2410,Temu,Compras e Roupa
2078,2026-04-14,despesa,750,Temu,Compras e Roupa
2079,2026-04-14,receita,146917,Payment from DR JOHN CLARKE,Salário
2080,2026-04-14,despesa,120000,To EUR Flexible Cash Funds,Transferências internas
2081,2026-04-14,receita,70000,From EUR Flexible Cash Funds,Transferências internas
2082,2026-04-14,despesa,21294,To investment account,Transferências internas
2083,2026-04-14,despesa,5000,To investment account,Transferências internas
2084,2026-04-14,receita,3,Interest earned - Flexible Cash Funds,Rendimentos
2085,2026-04-14,receita,2,Interest earned - Brasil 2026,Rendimentos
2086,2026-04-15,despesa,40000,To Trading 212 Markets Ltd,Transferências internas
2087,2026-04-15,despesa,100,To EUR Flexible Cash Funds,Transferências internas
2088,2026-04-15,despesa,21173,CIG,Investimentos
2089,2026-04-15,despesa,5000,QDVE,Investimentos
2090,2026-04-15,receita,2,Interest earned - Flexible Cash Funds,Rendimentos
2091,2026-04-15,receita,1,Interest earned - Brasil 2026,Rendimentos
2092,2026-04-16,despesa,900,O'Sullivans Pharmacy,Saúde
2093,2026-04-16,despesa,13,To EUR Flexible Cash Funds,Transferências internas
2094,2026-04-16,receita,4,Interest earned - Flexible Cash Funds,Rendimentos
2095,2026-04-16,receita,1,Interest earned - Side Hustle 💸,Rendimentos
2096,2026-04-16,receita,1,Interest earned - Brasil 2026,Rendimentos
2097,2026-04-17,despesa,4687,ALDI,Supermercado
2098,2026-04-17,despesa,69,To EUR Flexible Cash Funds,Transferências internas
2099,2026-04-17,despesa,100,To EUR Flexible Cash Funds,Transferências internas
2100,2026-04-17,despesa,68,To EUR Flexible Cash Funds,Transferências internas
2101,2026-04-17,receita,4,Interest earned - Flexible Cash Funds,Rendimentos
2102,2026-04-17,receita,2,Interest earned - Brasil 2026,Rendimentos
2103,2026-04-18,despesa,500,bikeshare,Transporte
2104,2026-04-18,despesa,832,ALDI,Supermercado
2105,2026-04-18,despesa,4731,ALDI,Supermercado
2106,2026-04-18,despesa,5000,Transfer to Sladjana Karvounis,Viagem
2107,2026-04-18,despesa,100,To EUR Flexible Cash Funds,Transferências internas
2108,2026-04-18,despesa,72,To EUR Flexible Cash Funds,Transferências internas
2109,2026-04-18,despesa,70,To EUR Flexible Cash Funds,Transferências internas
2110,2026-04-18,despesa,4,To EUR Flexible Cash Funds,Transferências internas
2111,2026-04-18,receita,10000,From EUR Flexible Cash Funds,Transferências internas
2112,2026-04-18,despesa,75,To EUR Flexible Cash Funds,Transferências internas
2113,2026-04-18,despesa,61,To EUR Flexible Cash Funds,Transferências internas
2114,2026-04-18,receita,4,Interest earned - Flexible Cash Funds,Rendimentos
2115,2026-04-18,receita,1,Interest earned - Brasil 2026,Rendimentos
2116,2026-04-19,despesa,228,Lidl,Supermercado
2117,2026-04-19,despesa,430,Irish Rail,Transporte
2118,2026-04-19,despesa,400,Coca-Cola,Alimentação
2119,2026-04-19,receita,4,Interest earned - Flexible Cash Funds,Rendimentos
2120,2026-04-19,receita,1,Interest earned - Side Hustle 💸,Rendimentos
2121,2026-04-19,receita,2,Interest earned - Brasil 2026,Rendimentos
2122,2026-04-20,despesa,9725,Norwegian,Viagem
2123,2026-04-20,despesa,3400,To Joana Palminha irl,Transferências internas
2124,2026-04-20,receita,4,Interest earned - Flexible Cash Funds,Rendimentos
2125,2026-04-20,receita,1,Interest earned - Brasil 2026,Rendimentos
2126,2026-04-21,despesa,5839,Ryanair,Viagem
2127,2026-04-21,receita,4,Interest earned - Flexible Cash Funds,Rendimentos
2128,2026-04-21,receita,2,Interest earned - Side Hustle 💸,Rendimentos
2129,2026-04-21,receita,2,Interest earned - Brasil 2026,Rendimentos
2130,2026-04-22,despesa,1100,Pagamento (Gabriel Garcia de Araujo) — 50% de Apple,Outras despesas
2131,2026-04-22,receita,2366,Recebimento (Gabriel Garcia de Araujo) — 50% de ALDI,Outras receitas
2132,2026-04-22,despesa,3000,To Sonia Maria Ferreira Costa,Outras despesas
2133,2026-04-22,despesa,2,To EUR Flexible Cash Funds,Transferências internas
2134,2026-04-22,receita,4,Interest earned - Flexible Cash Funds,Rendimentos
2135,2026-04-22,receita,1,Interest earned - Brasil 2026,Rendimentos
2136,2026-04-23,receita,40000,From EUR Flexible Cash Funds,Transferências internas
2137,2026-04-23,despesa,90,To EUR Flexible Cash Funds,Transferências internas
2138,2026-04-23,despesa,1898,ALDI,Supermercado
2139,2026-04-23,despesa,39510,Azazie,Compras e Roupa
2140,2026-04-23,despesa,83,To EUR Flexible Cash Funds,Transferências internas
2141,2026-04-23,receita,4,Interest earned - Flexible Cash Funds,Rendimentos
2142,2026-04-23,receita,2,Interest earned - Brasil 2026,Rendimentos
2143,2026-04-24,despesa,3217,ALDI,Supermercado
2144,2026-04-24,despesa,76,To EUR Flexible Cash Funds,Transferências internas
2145,2026-04-24,despesa,60,To EUR Flexible Cash Funds,Transferências internas
2146,2026-04-24,receita,800,From EUR Flexible Cash Funds,Transferências internas
2147,2026-04-24,despesa,30,To EUR Flexible Cash Funds,Transferências internas
2148,2026-04-24,receita,4,Interest earned - Flexible Cash Funds,Rendimentos
2149,2026-04-24,receita,1,Interest earned - Side Hustle 💸,Rendimentos
2150,2026-04-24,receita,1,Interest earned - Brasil 2026,Rendimentos
2151,2026-04-25,despesa,3924,Lidl,Supermercado
2152,2026-04-25,despesa,4340,Polonez,Supermercado
2153,2026-04-25,despesa,35,To EUR Flexible Cash Funds,Transferências internas
2154,2026-04-25,receita,3000,From EUR Flexible Cash Funds,Transferências internas
2155,2026-04-25,despesa,60,To EUR Flexible Cash Funds,Transferências internas
2156,2026-04-25,receita,2,Interest earned - Flexible Cash Funds,Rendimentos
2157,2026-04-25,receita,2,Interest earned - Brasil 2026,Rendimentos
2158,2026-04-26,despesa,2,To EUR Flexible Cash Funds,Transferências internas
2159,2026-04-26,despesa,1070,Jerry Flannery's Bar,Lazer
2160,2026-04-26,despesa,1938,Freenow,Transporte
2161,2026-04-26,despesa,65,Transport for Ireland - TFI,Transporte
2162,2026-04-26,receita,10000,From EUR Flexible Cash Funds,Transferências internas
2163,2026-04-26,receita,2,Interest earned - Flexible Cash Funds,Rendimentos
2164,2026-04-26,receita,1,Interest earned - Brasil 2026,Rendimentos
2165,2026-04-27,receita,39200,Recebimento (Gabriel Garcia de Araujo) — contribuição para renda,Outras receitas
2166,2026-04-27,receita,10104,From EUR Side Hustle 💸,Outras receitas
2167,2026-04-27,despesa,10104,To EUR Flexible Cash Funds,Transferências internas
2168,2026-04-27,despesa,84,To EUR Flexible Cash Funds,Transferências internas
2169,2026-04-27,receita,146916,Payment from DR JOHN CLARKE,Salário
2170,2026-04-27,despesa,30000,To Atlantic Technological University ATU,Educação
2171,2026-04-27,despesa,10000,To Joana Palminha,Transferências internas
2172,2026-04-27,despesa,50000,To EUR Flexible Cash Funds,Transferências internas
2173,2026-04-27,despesa,7000,To Sonia Maria Ferreira Costa,Outras despesas
2174,2026-04-27,receita,3,Interest earned - Flexible Cash Funds,Rendimentos
2175,2026-04-27,receita,1,Interest earned - Side Hustle 💸,Rendimentos
2176,2026-04-27,receita,2,Interest earned - Brasil 2026,Rendimentos
2177,2026-04-28,despesa,78500,To Michael Quinn,Moradia
2178,2026-04-28,despesa,2216,SuperValu,Supermercado
2179,2026-04-28,despesa,35,To EUR Flexible Cash Funds,Transferências internas
2180,2026-04-28,receita,2,Interest earned - Flexible Cash Funds,Rendimentos
2181,2026-04-28,receita,1,Interest earned - Brasil 2026,Rendimentos
2182,2026-04-29,despesa,65,Transport for Ireland - TFI,Transporte
2183,2026-04-29,despesa,10000,To Joana Palminha irl,Transferências internas
2184,2026-04-29,receita,4,Interest earned - Flexible Cash Funds,Rendimentos
2185,2026-04-29,receita,2,Interest earned - Brasil 2026,Rendimentos
2186,2026-04-30,despesa,84,To EUR Flexible Cash Funds,Transferências internas
2187,2026-04-30,receita,4,Interest earned - Flexible Cash Funds,Rendimentos
2188,2026-04-30,receita,1,Interest earned - Brasil 2026,Rendimentos
2189,2026-05-01,despesa,22,To EUR Flexible Cash Funds,Transferências internas
2190,2026-05-01,despesa,3816,ALDI,Supermercado
2191,2026-05-01,receita,20000,From EUR Flexible Cash Funds,Transferências internas
2192,2026-05-01,receita,4,Interest earned - Flexible Cash Funds,Rendimentos
2193,2026-05-01,receita,2,Interest earned - Brasil 2026,Rendimentos
2194,2026-05-02,despesa,15071,repayment,Empréstimos e Dívidas
2195,2026-05-02,despesa,178,Lidl,Supermercado
2196,2026-05-02,receita,4,Interest earned - Flexible Cash Funds,Rendimentos
2197,2026-05-02,receita,1,Interest earned - Brasil 2026,Rendimentos
2198,2026-05-03,despesa,100,To EUR Flexible Cash Funds,Transferências internas
2199,2026-05-03,receita,4,Interest earned - Flexible Cash Funds,Rendimentos
2200,2026-05-03,receita,2,Interest earned - Brasil 2026,Rendimentos
2201,2026-05-04,despesa,2000,Hells BBQ,Alimentação
2202,2026-05-04,despesa,4700,Grove Island Sport And Leisure Facilities Ltd,Lazer
2203,2026-05-04,receita,2000,From EUR Flexible Cash Funds,Transferências internas
2204,2026-05-04,receita,1908,Recebimento (Gabriel Garcia de Araujo) — 50% de ALDI,Outras receitas
2205,2026-05-04,despesa,3165,Pagamento (Gabriel Garcia de Araujo) — quota Vodafone da Joana,Telefone e internet
2206,2026-05-04,receita,5000,From EUR Flexible Cash Funds,Transferências internas
2207,2026-05-04,despesa,28,To EUR Flexible Cash Funds,Transferências internas
2208,2026-05-04,receita,4,Interest earned - Flexible Cash Funds,Rendimentos
2209,2026-05-04,receita,1,Interest earned - Brasil 2026,Rendimentos
2210,2026-05-05,despesa,5172,ALDI,Supermercado
2211,2026-05-05,despesa,35,To EUR Flexible Cash Funds,Transferências internas
2212,2026-05-05,receita,2586,Recebimento (Gabriel Garcia de Araujo) — 50% de ALDI,Outras receitas
2213,2026-05-05,receita,4,Interest earned - Flexible Cash Funds,Rendimentos
2214,2026-05-05,receita,2,Interest earned - Brasil 2026,Rendimentos
2215,2026-05-06,despesa,65,Transport for Ireland - TFI,Transporte
2216,2026-05-06,receita,3,Interest earned - Flexible Cash Funds,Rendimentos
2217,2026-05-06,receita,1,Interest earned - Brasil 2026,Rendimentos
2218,2026-05-07,despesa,35,To EUR Flexible Cash Funds,Transferências internas
2219,2026-05-07,receita,18500,From EUR Flexible Cash Funds,Transferências internas
2220,2026-05-07,despesa,18500,To Sonia Maria Ferreira Costa,Outras despesas
2221,2026-05-07,receita,4,Interest earned - Flexible Cash Funds,Rendimentos
2222,2026-05-07,receita,2,Interest earned - Brasil 2026,Rendimentos
2223,2026-05-08,despesa,65,Transport for Ireland - TFI,Transporte
2224,2026-05-08,despesa,35,To EUR Flexible Cash Funds,Transferências internas
2225,2026-05-08,despesa,3,To EUR Flexible Cash Funds,Transferências internas
2226,2026-05-08,despesa,35,To EUR Flexible Cash Funds,Transferências internas
2227,2026-05-08,receita,3,Interest earned - Flexible Cash Funds,Rendimentos
2228,2026-05-08,receita,1,Interest earned - Brasil 2026,Rendimentos
2229,2026-05-09,despesa,2697,Boots,Saúde
2230,2026-05-09,despesa,65,Transport for Ireland - TFI,Transporte
2231,2026-05-09,despesa,65,Transport for Ireland - TFI,Transporte
2232,2026-05-09,receita,2,Interest earned - Flexible Cash Funds,Rendimentos
2233,2026-05-09,receita,2,Interest earned - Brasil 2026,Rendimentos
2234,2026-05-10,despesa,70,To EUR Flexible Cash Funds,Transferências internas
2235,2026-05-10,receita,10000,From EUR Flexible Cash Funds,Transferências internas
2236,2026-05-10,despesa,100,To EUR Flexible Cash Funds,Transferências internas
2237,2026-05-10,despesa,500,To Joana Palminha,Transferências internas
2238,2026-05-10,despesa,35,To EUR Flexible Cash Funds,Transferências internas
2239,2026-05-10,receita,1500,From EUR Flexible Cash Funds,Transferências internas
2240,2026-05-10,receita,3,Interest earned - Flexible Cash Funds,Rendimentos
2241,2026-05-10,receita,1,Interest earned - Brasil 2026,Rendimentos
2242,2026-05-11,despesa,7900,Decathlon,Compras e Roupa
2243,2026-05-11,despesa,65,Transport for Ireland - TFI,Transporte
2244,2026-05-11,despesa,4197,"Fidelidade Companhia Seguros,sa",Seguros
2245,2026-05-11,despesa,330,Daybreak,Supermercado
2246,2026-05-11,despesa,50,To EUR Flexible Cash Funds,Transferências internas
2247,2026-05-11,receita,146916,Payment from DR JOHN CLARKE,Salário
2248,2026-05-11,receita,2,Interest earned - Flexible Cash Funds,Rendimentos
2249,2026-05-11,receita,2,Interest earned - Brasil 2026,Rendimentos
2250,2026-05-12,despesa,200000,To EUR Flexible Cash Funds,Transferências internas
2251,2026-05-12,despesa,842,Pagamento (Gabriel Garcia de Araujo) — 50% de SuperValu,Supermercado
2252,2026-05-12,despesa,858,Pagamento (Gabriel Garcia de Araujo) — 50% de ALDI,Supermercado
2253,2026-05-12,despesa,3111,Pagamento (Gabriel Garcia de Araujo) — 50% de ALDI,Supermercado
2254,2026-05-12,despesa,1300,Pagamento (Gabriel Garcia de Araujo) — 50% de Polonez,Supermercado
2255,2026-05-12,receita,3950,Recebimento (Gabriel Garcia de Araujo) — 50% de Decathlon,Outras receitas
2256,2026-05-12,receita,275,Recebimento (Gabriel Garcia de Araujo) — 50% de SuperValu,Outras receitas
2257,2026-05-12,despesa,550,SuperValu,Supermercado
2258,2026-05-12,despesa,60,To EUR Flexible Cash Funds,Transferências internas
2259,2026-05-12,despesa,77,To EUR Flexible Cash Funds,Transferências internas
2260,2026-05-12,receita,2,Interest earned - Flexible Cash Funds,Rendimentos
2261,2026-05-12,receita,1,Interest earned - Brasil 2026,Rendimentos
2262,2026-05-13,despesa,1023,ALDI,Supermercado
2263,2026-05-13,despesa,3500,To Sonia Maria Ferreira Costa,Outras despesas
2264,2026-05-13,despesa,440,Daybreak,Supermercado
2265,2026-05-13,despesa,35,To EUR Flexible Cash Funds,Transferências internas
2266,2026-05-13,despesa,50,To EUR Flexible Cash Funds,Transferências internas
2267,2026-05-13,receita,3,Interest earned - Flexible Cash Funds,Rendimentos
2268,2026-05-13,receita,2,Interest earned - Brasil 2026,Rendimentos
2269,2026-05-14,despesa,65,Transport for Ireland - TFI,Transporte
2270,2026-05-14,despesa,1450,SuperValu,Supermercado
2271,2026-05-14,receita,9,Interest earned - Flexible Cash Funds,Rendimentos
2272,2026-05-14,receita,1,Interest earned - Brasil 2026,Rendimentos
2273,2026-05-15,despesa,2,To EUR Flexible Cash Funds,Transferências internas
2274,2026-05-15,receita,3300,From EUR Flexible Cash Funds,Transferências internas
2275,2026-05-15,despesa,6000,To Sonia Maria Ferreira Costa,Outras despesas
2276,2026-05-15,despesa,35,To EUR Flexible Cash Funds,Transferências internas
2277,2026-05-15,receita,9,Interest earned - Flexible Cash Funds,Rendimentos
2278,2026-05-15,receita,2,Interest earned - Brasil 2026,Rendimentos
2279,2026-05-16,despesa,2198,Holland & Barrett,Lazer
2280,2026-05-16,receita,45000,From EUR Flexible Cash Funds,Transferências internas
2281,2026-05-16,despesa,65,Transport for Ireland - TFI,Transporte
2282,2026-05-16,receita,9,Interest earned - Flexible Cash Funds,Rendimentos
2283,2026-05-16,receita,1,Interest earned - Brasil 2026,Rendimentos
2284,2026-05-17,receita,9,Interest earned - Flexible Cash Funds,Rendimentos
2285,2026-05-17,receita,2,Interest earned - Brasil 2026,Rendimentos
2286,2026-05-18,despesa,45000,To Trading 212 Markets Ltd,Transferências internas
2287,2026-05-18,despesa,35,To EUR Flexible Cash Funds,Transferências internas
2288,2026-05-18,despesa,35,To EUR Flexible Cash Funds,Transferências internas
2289,2026-05-18,receita,9,Interest earned - Flexible Cash Funds,Rendimentos
2290,2026-05-18,receita,1,Interest earned - Brasil 2026,Rendimentos
2291,2026-05-19,despesa,30000,To Trading 212 Markets Ltd,Transferências internas
2292,2026-05-19,despesa,65,Transport for Ireland - TFI,Transporte
2293,2026-05-19,despesa,65,Transport for Ireland - TFI,Transporte
2294,2026-05-19,receita,15100,From EUR Flexible Cash Funds,Transferências internas
2295,2026-05-19,despesa,3843,Pagamento (Gabriel Garcia de Araujo) — 50% de ALDI,Supermercado
2296,2026-05-19,despesa,1099,Pagamento (Gabriel Garcia de Araujo) — 50% de SuperValu,Supermercado
2297,2026-05-19,despesa,1164,Pagamento (Gabriel Garcia de Araujo) — 50% de SuperValu,Supermercado
2298,2026-05-19,despesa,35,To EUR Flexible Cash Funds,Transferências internas
2299,2026-05-19,despesa,13000,To EUR Austrália 2027/2028,Transferências internas
2300,2026-05-19,receita,7,Interest earned - Flexible Cash Funds,Rendimentos
2301,2026-05-19,receita,2,Interest earned - Brasil 2026,Rendimentos
2302,2026-05-20,despesa,65,Transport for Ireland - TFI,Transporte
2303,2026-05-20,despesa,100,To EUR Flexible Cash Funds,Transferências internas
2304,2026-05-20,receita,7,Interest earned - Flexible Cash Funds,Rendimentos
2305,2026-05-20,receita,1,Interest earned - Austrália 2027/2028,Rendimentos
2306,2026-05-21,receita,37611,Azazie,Outras receitas
2307,2026-05-21,despesa,1000,ALDI,Supermercado
2308,2026-05-21,despesa,60000,To EUR Flexible Cash Funds,Transferências internas
2309,2026-05-21,receita,60000,From EUR Flexible Cash Funds,Transferências internas
2310,2026-05-21,despesa,60000,To Trading 212 Markets Ltd,Transferências internas
2311,2026-05-21,receita,500,Recebimento (Gabriel Garcia de Araujo) — 50% de ALDI,Outras receitas
2312,2026-05-21,despesa,30000,To EUR Flexible Cash Funds,Transferências internas
2313,2026-05-21,receita,10000,From EUR Flexible Cash Funds,Transferências internas
2314,2026-05-21,despesa,10000,To Sonia Maria Ferreira Costa,Outras despesas
2315,2026-05-21,receita,7,Interest earned - Flexible Cash Funds,Rendimentos
2316,2026-05-21,receita,2,Interest earned - Austrália 2027/2028,Rendimentos
2317,2026-05-22,despesa,2,To EUR Flexible Cash Funds,Transferências internas
2318,2026-05-22,despesa,5,To EUR Flexible Cash Funds,Transferências internas
2319,2026-05-22,despesa,100,To EUR Flexible Cash Funds,Transferências internas
2320,2026-05-22,receita,3000,From EUR Flexible Cash Funds,Transferências internas
2321,2026-05-22,despesa,31,To EUR Flexible Cash Funds,Transferências internas
2322,2026-05-22,despesa,35,To EUR Flexible Cash Funds,Transferências internas
2323,2026-05-22,despesa,70,To EUR Flexible Cash Funds,Transferências internas
2324,2026-05-22,despesa,90,To EUR Flexible Cash Funds,Transferências internas
2325,2026-05-22,receita,7,Interest earned - Flexible Cash Funds,Rendimentos
2326,2026-05-22,receita,2,Interest earned - Austrália 2027/2028,Rendimentos
2327,2026-05-23,despesa,630,Vinted,Outras despesas
2328,2026-05-23,despesa,210,Vinted,Outras despesas
2329,2026-05-23,despesa,1369,Tesco,Supermercado
2330,2026-05-23,despesa,65,Transport for Ireland - TFI,Transporte
2331,2026-05-23,despesa,30,To EUR Flexible Cash Funds,Transferências internas
2332,2026-05-23,despesa,1500,Penneys,Compras e Roupa
2333,2026-05-23,despesa,1795,Zara,Compras e Roupa
2334,2026-05-23,despesa,2198,Eason,Lazer
2335,2026-05-23,despesa,35,To EUR Flexible Cash Funds,Transferências internas
2336,2026-05-23,receita,8,Interest earned - Flexible Cash Funds,Rendimentos
2337,2026-05-23,receita,2,Interest earned - Austrália 2027/2028,Rendimentos
2338,2026-05-24,despesa,65,Transport for Ireland - TFI,Transporte
2339,2026-05-24,receita,5000,From EUR Flexible Cash Funds,Transferências internas
2340,2026-05-24,despesa,5,To EUR Flexible Cash Funds,Transferências internas
2341,2026-05-24,despesa,270,Coca-Cola,Alimentação
2342,2026-05-24,despesa,50,To EUR Flexible Cash Funds,Transferências internas
2343,2026-05-24,despesa,100,To EUR Flexible Cash Funds,Transferências internas
2344,2026-05-24,receita,7,Interest earned - Flexible Cash Funds,Rendimentos
2345,2026-05-24,receita,2,Interest earned - Austrália 2027/2028,Rendimentos
2346,2026-05-25,despesa,1250,Flanagan’s Bar & Lounge,Lazer
2347,2026-05-25,despesa,500,Transport for Ireland - TFI,Transporte
2348,2026-05-25,despesa,50,To EUR Flexible Cash Funds,Transferências internas
2349,2026-05-25,despesa,80,To EUR Flexible Cash Funds,Transferências internas
2350,2026-05-25,despesa,93,To EUR Flexible Cash Funds,Transferências internas
2351,2026-05-25,despesa,67,To EUR Flexible Cash Funds,Transferências internas
2352,2026-05-25,receita,146915,Payment from DR JOHN CLARKE,Salário
2353,2026-05-25,despesa,624,Pagamento (Gabriel Garcia de Araujo) — 50% de ALDI,Supermercado
2354,2026-05-25,despesa,860,Pagamento (Gabriel Garcia de Araujo) — 50% de Shopify,Outras despesas
2355,2026-05-25,despesa,1200,Pagamento (Gabriel Garcia de Araujo) — 50% de Eason,Outras despesas
2356,2026-05-25,despesa,3254,Pagamento (Gabriel Garcia de Araujo) — 50% de ALDI,Supermercado
2357,2026-05-25,despesa,30000,To Atlantic Technological University ATU,Educação
2358,2026-05-25,receita,39200,Recebimento (Gabriel Garcia de Araujo) — contribuição para renda,Outras receitas
2359,2026-05-25,despesa,50000,To EUR Flexible Cash Funds,Transferências internas
2360,2026-05-25,receita,8,Interest earned - Flexible Cash Funds,Rendimentos
2361,2026-05-25,receita,2,Interest earned - Austrália 2027/2028,Rendimentos
2362,2026-05-26,despesa,78500,To Michael Quinn,Moradia
2363,2026-05-26,despesa,420,Vinted,Outras despesas
2364,2026-05-26,despesa,607,ALDI,Supermercado
2365,2026-05-26,despesa,433,ALDI,Supermercado
2366,2026-05-26,despesa,495,Uber,Transporte
2367,2026-05-26,despesa,350,Daybreak,Supermercado
2368,2026-05-26,receita,8,Interest earned - Flexible Cash Funds,Rendimentos
2369,2026-05-26,receita,2,Interest earned - Austrália 2027/2028,Rendimentos
2370,2026-05-27,despesa,50,To EUR Flexible Cash Funds,Transferências internas
2371,2026-05-27,despesa,3500,To Sonia Maria Ferreira Costa,Outras despesas
2372,2026-05-27,despesa,100,To EUR Flexible Cash Funds,Transferências internas
2373,2026-05-27,receita,9,Interest earned - Flexible Cash Funds,Rendimentos
2374,2026-05-27,receita,2,Interest earned - Austrália 2027/2028,Rendimentos
2375,2026-05-28,despesa,3652,"Fidelidade Companhia Seguros,sa",Pets
2376,2026-05-28,despesa,1500,Kittl,Marketing
2377,2026-05-28,despesa,1,To EUR Flexible Cash Funds,Transferências internas
2378,2026-05-28,despesa,950,Daybreak,Supermercado
2379,2026-05-28,despesa,52,To EUR Flexible Cash Funds,Transferências internas
2380,2026-05-28,despesa,15,To EUR Flexible Cash Funds,Transferências internas
2381,2026-05-28,receita,9,Interest earned - Flexible Cash Funds,Rendimentos
2382,2026-05-28,receita,2,Interest earned - Austrália 2027/2028,Rendimentos
2383,2026-05-29,despesa,85,Tesco,Supermercado
2384,2026-05-29,despesa,2000,Transfer to Claudio Santos,Compras
2385,2026-05-29,despesa,748,SuperValu,Supermercado
2386,2026-05-29,despesa,35,To EUR Flexible Cash Funds,Transferências internas
2387,2026-05-29,despesa,1099,Google One,Assinaturas e Digital
2388,2026-05-29,despesa,90,To EUR Flexible Cash Funds,Transferências internas
2389,2026-05-29,despesa,38,To EUR Flexible Cash Funds,Transferências internas
2390,2026-05-29,receita,9,Interest earned - Flexible Cash Funds,Rendimentos
2391,2026-05-29,receita,2,Interest earned - Austrália 2027/2028,Rendimentos
2392,2026-05-30,despesa,1410,Tesco,Supermercado
2393,2026-05-30,despesa,65,Transport for Ireland - TFI,Transporte
2394,2026-05-30,despesa,2562,Polonez,Supermercado
2395,2026-05-30,receita,48800,From EUR Flexible Cash Funds,Transferências internas
2396,2026-05-30,despesa,10000,To Joana Palminha,Transferências internas
2397,2026-05-30,receita,9,Interest earned - Flexible Cash Funds,Rendimentos
2398,2026-05-30,receita,2,Interest earned - Austrália 2027/2028,Rendimentos
2399,2026-05-31,despesa,3,To EUR Flexible Cash Funds,Transferências internas
2400,2026-05-31,despesa,10697,Currys,Compras e Roupa
2401,2026-05-31,receita,9,Interest earned - Flexible Cash Funds,Rendimentos
2402,2026-05-31,receita,2,Interest earned - Austrália 2027/2028,Rendimentos
2403,2026-06-01,despesa,4700,Grove Island Sport And Leisure Facilities Ltd,Lazer
2404,2026-06-01,receita,9,Interest earned - Flexible Cash Funds,Rendimentos
2405,2026-06-01,receita,2,Interest earned - Austrália 2027/2028,Rendimentos
2406,2026-06-02,despesa,15071,repayment,Empréstimos e Dívidas
2407,2026-06-02,despesa,1,To EUR Flexible Cash Funds,Transferências internas
2408,2026-06-02,receita,7,Interest earned - Flexible Cash Funds,Rendimentos
2409,2026-06-02,receita,2,Interest earned - Austrália 2027/2028,Rendimentos
2410,2026-06-03,despesa,1099,SuperValu,Supermercado
2411,2026-06-03,despesa,2232,Pagamento (Gabriel Garcia de Araujo) — 50% de ALDI,Supermercado
2412,2026-06-03,receita,8,Interest earned - Flexible Cash Funds,Rendimentos
2413,2026-06-03,receita,2,Interest earned - Austrália 2027/2028,Rendimentos
2414,2026-06-04,despesa,25,To EUR Flexible Cash Funds,Transferências internas
2415,2026-06-04,receita,5000,From EUR Flexible Cash Funds,Transferências internas
2416,2026-06-04,receita,7,Interest earned - Flexible Cash Funds,Rendimentos
2417,2026-06-04,receita,2,Interest earned - Austrália 2027/2028,Rendimentos
2418,2026-06-05,despesa,875,O'Sullivans Pharmacy,Saúde
2419,2026-06-05,despesa,70,To EUR Flexible Cash Funds,Transferências internas
2420,2026-06-05,despesa,100,To EUR Flexible Cash Funds,Transferências internas
2421,2026-06-05,despesa,22,To EUR Flexible Cash Funds,Transferências internas
2422,2026-06-05,despesa,35,To EUR Flexible Cash Funds,Transferências internas
2423,2026-06-05,receita,5000,From EUR Flexible Cash Funds,Transferências internas
2424,2026-06-05,despesa,56,To EUR Flexible Cash Funds,Transferências internas
2425,2026-06-05,receita,8,Interest earned - Flexible Cash Funds,Rendimentos
2426,2026-06-05,receita,2,Interest earned - Austrália 2027/2028,Rendimentos
2427,2026-06-06,despesa,5000,Tanya S Altera,Outras despesas
2428,2026-06-06,despesa,54,To EUR Flexible Cash Funds,Transferências internas
2429,2026-06-06,despesa,65,Transport for Ireland - TFI,Transporte
2430,2026-06-06,despesa,54,To EUR Flexible Cash Funds,Transferências internas
2431,2026-06-06,despesa,246,Facebook,Assinaturas e Digital
2432,2026-06-06,despesa,330,Daybreak,Supermercado
2433,2026-06-06,despesa,378,SuperValu,Supermercado
2434,2026-06-06,despesa,644,Elevenlabs,Marketing
2435,2026-06-06,despesa,31,To EUR Flexible Cash Funds,Transferências internas
2436,2026-06-06,despesa,31,To EUR Flexible Cash Funds,Transferências internas
2437,2026-06-06,despesa,1,To EUR Flexible Cash Funds,Transferências internas
2438,2026-06-06,despesa,8,To EUR Flexible Cash Funds,Transferências internas
2439,2026-06-06,despesa,8,To EUR Flexible Cash Funds,Transferências internas
2440,2026-06-06,receita,7,Interest earned - Flexible Cash Funds,Rendimentos
2441,2026-06-06,receita,2,Interest earned - Austrália 2027/2028,Rendimentos
2442,2026-06-07,despesa,369,Facebook,Assinaturas e Digital
2443,2026-06-07,despesa,369,Facebook,Assinaturas e Digital
2444,2026-06-07,despesa,246,Facebook,Assinaturas e Digital
2445,2026-06-07,despesa,492,Facebook,Assinaturas e Digital
2446,2026-06-07,despesa,492,Facebook,Assinaturas e Digital
2447,2026-06-07,despesa,2799,Google One,Assinaturas e Digital
2448,2026-06-07,despesa,8,To EUR Flexible Cash Funds,Transferências internas
2449,2026-06-07,receita,7,Interest earned - Flexible Cash Funds,Rendimentos
2450,2026-06-07,receita,2,Interest earned - Austrália 2027/2028,Rendimentos
2451,2026-06-08,despesa,492,Facebook,Assinaturas e Digital
2452,2026-06-08,receita,146916,Payment from DR JOHN CLARKE,Salário
2453,2026-06-08,despesa,1150,Pagamento (Gabriel Garcia de Araujo) — 50% de Chatgpt,Assinaturas e Digital
2454,2026-06-08,despesa,4258,Pagamento (Gabriel Garcia de Araujo) — 50% de ALDI,Supermercado
2455,2026-06-08,despesa,77,To EUR Flexible Cash Funds,Transferências internas
2456,2026-06-08,receita,8,Interest earned - Flexible Cash Funds,Rendimentos
2457,2026-06-08,receita,2,Interest earned - Austrália 2027/2028,Rendimentos
2458,2026-06-09,despesa,6,To EUR Flexible Cash Funds,Transferências internas
2459,2026-06-09,despesa,35,To EUR Flexible Cash Funds,Transferências internas
2460,2026-06-09,despesa,65,To EUR Flexible Cash Funds,Transferências internas
2461,2026-06-09,receita,7,Interest earned - Flexible Cash Funds,Rendimentos
2462,2026-06-09,receita,2,Interest earned - Austrália 2027/2028,Rendimentos
2463,2026-06-10,despesa,2035,ALDI,Supermercado
2464,2026-06-10,despesa,65,Transport for Ireland - TFI,Transporte
2465,2026-06-10,despesa,53823,Amazon,Compras e Roupa
2466,2026-06-10,despesa,28394,Booking.com,Viagem
2467,2026-06-10,receita,7,Interest earned - Flexible Cash Funds,Rendimentos
2468,2026-06-10,receita,2,Interest earned - Austrália 2027/2028,Rendimentos
2469,2026-06-11,receita,8,Interest earned - Flexible Cash Funds,Rendimentos
2470,2026-06-11,receita,2,Interest earned - Austrália 2027/2028,Rendimentos
2471,2026-06-12,despesa,50,To EUR Flexible Cash Funds,Transferências internas
2472,2026-06-12,despesa,2,To EUR Flexible Cash Funds,Transferências internas
2473,2026-06-12,despesa,1000,To Sonia Maria Ferreira Costa,Outras despesas
2474,2026-06-12,receita,7,Interest earned - Flexible Cash Funds,Rendimentos
2475,2026-06-12,receita,2,Interest earned - Austrália 2027/2028,Rendimentos
2476,2026-06-13,despesa,62,To EUR Flexible Cash Funds,Transferências internas
2477,2026-06-13,despesa,1350,Dealz,Compras e Roupa
2478,2026-06-13,despesa,738,Facebook,Assinaturas e Digital
2479,2026-06-13,despesa,35,To EUR Flexible Cash Funds,Transferências internas
2480,2026-06-13,despesa,100,To EUR Flexible Cash Funds,Transferências internas
2481,2026-06-13,despesa,42,To EUR Flexible Cash Funds,Transferências internas
2482,2026-06-13,despesa,70,To EUR Flexible Cash Funds,Transferências internas
2483,2026-06-13,despesa,2598,Eason,Lazer
2484,2026-06-13,despesa,47,To EUR Flexible Cash Funds,Transferências internas
2485,2026-06-13,despesa,60,To EUR Flexible Cash Funds,Transferências internas
2486,2026-06-13,despesa,100,To EUR Flexible Cash Funds,Transferências internas
2487,2026-06-13,receita,7,Interest earned - Flexible Cash Funds,Rendimentos
2488,2026-06-13,receita,2,Interest earned - Austrália 2027/2028,Rendimentos
2489,2026-06-14,despesa,7000,Tanya S Altera,Outras despesas
2490,2026-06-14,despesa,1230,Facebook,Assinaturas e Digital
2491,2026-06-14,despesa,1353,Facebook,Assinaturas e Digital
2492,2026-06-14,despesa,65,Transport for Ireland - TFI,Transporte
2493,2026-06-14,despesa,258,SuperValu,Supermercado
2494,2026-06-14,despesa,3000,To Sonia Maria Ferreira Costa,Outras despesas
2495,2026-06-14,despesa,78,To EUR Flexible Cash Funds,Transferências internas
2496,2026-06-14,despesa,66,To EUR Flexible Cash Funds,Transferências internas
2497,2026-06-14,despesa,1122,Pagamento (Gabriel Garcia de Araujo) — 50% de Polonez,Supermercado
2498,2026-06-14,receita,7,Interest earned - Flexible Cash Funds,Rendimentos
2499,2026-06-14,receita,2,Interest earned - Austrália 2027/2028,Rendimentos
2500,2026-06-15,despesa,32,To EUR Flexible Cash Funds,Transferências internas
2501,2026-06-15,despesa,1340,Bobby Byrne's,Lazer
2502,2026-06-15,despesa,1300,Bobby Byrne's,Lazer
2503,2026-06-15,despesa,1722,Facebook,Assinaturas e Digital
2504,2026-06-15,despesa,1968,Facebook,Assinaturas e Digital
2505,2026-06-15,despesa,80,To EUR Flexible Cash Funds,Transferências internas
2506,2026-06-15,despesa,80,To EUR Flexible Cash Funds,Transferências internas
2507,2026-06-15,receita,8,Interest earned - Flexible Cash Funds,Rendimentos
2508,2026-06-15,receita,2,Interest earned - Austrália 2027/2028,Rendimentos
2509,2026-06-16,despesa,820,O'Sullivans Pharmacy,Saúde
2510,2026-06-16,despesa,1634,Domino's pizza,Alimentação fora
2511,2026-06-16,despesa,220,Daybreak,Supermercado
2512,2026-06-16,receita,7,Interest earned - Flexible Cash Funds,Rendimentos
2513,2026-06-16,receita,2,Interest earned - Austrália 2027/2028,Rendimentos
2514,2026-06-17,despesa,2000,To Sonia Maria Ferreira Costa,Outras despesas
2515,2026-06-17,despesa,32,To EUR Flexible Cash Funds,Transferências internas
2516,2026-06-17,despesa,50,To EUR Flexible Cash Funds,Transferências internas
2517,2026-06-17,despesa,100,To EUR Flexible Cash Funds,Transferências internas
2518,2026-06-17,receita,7,Interest earned - Flexible Cash Funds,Rendimentos
2519,2026-06-17,receita,2,Interest earned - Austrália 2027/2028,Rendimentos
2520,2026-06-18,despesa,1968,Facebook,Assinaturas e Digital
2521,2026-06-18,despesa,51,To EUR Flexible Cash Funds,Transferências internas
2522,2026-06-18,despesa,35,To EUR Flexible Cash Funds,Transferências internas
2523,2026-06-18,despesa,63,To EUR Flexible Cash Funds,Transferências internas
2524,2026-06-18,receita,8,Interest earned - Flexible Cash Funds,Rendimentos
2525,2026-06-18,receita,2,Interest earned - Austrália 2027/2028,Rendimentos
2526,2026-06-19,despesa,1350,South's Pub,Lazer
2527,2026-06-19,despesa,700,South's Pub,Lazer
2528,2026-06-19,despesa,65,Transport for Ireland - TFI,Transporte
2529,2026-06-19,despesa,2337,Facebook,Assinaturas e Digital
2530,2026-06-19,despesa,549,SuperValu,Supermercado
2531,2026-06-19,despesa,100,To EUR Flexible Cash Funds,Transferências internas
2532,2026-06-19,despesa,5,To EUR Flexible Cash Funds,Transferências internas
2533,2026-06-19,despesa,39,To EUR Flexible Cash Funds,Transferências internas
2534,2026-06-19,despesa,100,To EUR Flexible Cash Funds,Transferências internas
2535,2026-06-19,receita,7000,From EUR Flexible Cash Funds,Transferências internas
2536,2026-06-19,receita,8,Interest earned - Flexible Cash Funds,Rendimentos
2537,2026-06-19,receita,2,Interest earned - Austrália 2027/2028,Rendimentos
2538,2026-06-20,despesa,1000,Grumble,Alimentação
2539,2026-06-20,despesa,1600,Sophee's Threading & Nail Bar,Lazer
2540,2026-06-20,despesa,1861,Superdrug,Saúde
2541,2026-06-20,despesa,4295,Penneys,Compras e Roupa
2542,2026-06-20,despesa,15,To EUR Flexible Cash Funds,Transferências internas
2543,2026-06-20,receita,8,Interest earned - Flexible Cash Funds,Rendimentos
2544,2026-06-20,receita,3,Interest earned - Austrália 2027/2028,Rendimentos
2545,2026-06-21,despesa,585,Tesco,Supermercado
2546,2026-06-21,receita,7,Interest earned - Flexible Cash Funds,Rendimentos
2547,2026-06-21,receita,2,Interest earned - Austrália 2027/2028,Rendimentos
2548,2026-06-22,despesa,30,To EUR Flexible Cash Funds,Transferências internas
2549,2026-06-22,despesa,100,To EUR Flexible Cash Funds,Transferências internas
2550,2026-06-22,despesa,100,To EUR Flexible Cash Funds,Transferências internas
2551,2026-06-22,despesa,68,To EUR Flexible Cash Funds,Transferências internas
2552,2026-06-22,receita,146917,Payment from DR JOHN CLARKE,Salário
2553,2026-06-22,receita,8,Interest earned - Flexible Cash Funds,Rendimentos
2554,2026-06-22,receita,2,Interest earned - Austrália 2027/2028,Rendimentos
2555,2026-06-23,despesa,132,ALDI,Supermercado
2556,2026-06-23,despesa,900,Boots,Saúde
2557,2026-06-23,despesa,600,Penneys,Compras e Roupa
2558,2026-06-23,despesa,570,SuperValu,Supermercado
2559,2026-06-23,despesa,3300,Pagamento (Gabriel Garcia de Araujo) — quota Vodafone da Joana,Telefone e internet
2560,2026-06-23,despesa,100,To EUR Flexible Cash Funds,Transferências internas
2561,2026-06-23,receita,8,Interest earned - Flexible Cash Funds,Rendimentos
2562,2026-06-23,receita,2,Interest earned - Austrália 2027/2028,Rendimentos
2563,2026-06-24,despesa,2400,Irish Citylink,Transporte
2564,2026-06-24,despesa,22000,To Joana Palminha irl,Transferências internas
2565,2026-06-24,despesa,51,To EUR Flexible Cash Funds,Transferências internas
2566,2026-06-24,despesa,92,To EUR Flexible Cash Funds,Transferências internas
2567,2026-06-24,despesa,76,To EUR Flexible Cash Funds,Transferências internas
2568,2026-06-24,despesa,50,To EUR Flexible Cash Funds,Transferências internas
2569,2026-06-24,despesa,2000,To Sonia Maria Ferreira Costa,Outras despesas
2570,2026-06-24,despesa,23,To EUR Flexible Cash Funds,Transferências internas
2571,2026-06-24,despesa,87,To EUR Flexible Cash Funds,Transferências internas
2572,2026-06-24,receita,8,Interest earned - Flexible Cash Funds,Rendimentos
2573,2026-06-24,receita,2,Interest earned - Austrália 2027/2028,Rendimentos
2574,2026-06-25,despesa,85,To EUR Flexible Cash Funds,Transferências internas
2575,2026-06-25,despesa,91,To EUR Flexible Cash Funds,Transferências internas
2576,2026-06-25,despesa,29,To EUR Flexible Cash Funds,Transferências internas
2577,2026-06-25,despesa,19,To EUR Flexible Cash Funds,Transferências internas
2578,2026-06-25,despesa,508,Tre Kronor,Viagem
2579,2026-06-25,despesa,89,To EUR Flexible Cash Funds,Transferências internas
2580,2026-06-25,despesa,913,Southern Cross Pub,Viagem
2581,2026-06-25,despesa,3849,Lidl,Supermercado
2582,2026-06-25,despesa,1677,McDonald's,Alimentação fora
2583,2026-06-25,despesa,1024,Nybergs Hembageri Och,Viagem
2584,2026-06-25,despesa,1350,Stadium,Alimentação
2585,2026-06-25,receita,8,Interest earned - Flexible Cash Funds,Rendimentos
2586,2026-06-25,receita,3,Interest earned - Austrália 2027/2028,Rendimentos
2587,2026-06-26,despesa,3811,Mama Rosa,Viagem
2588,2026-06-26,despesa,3909,Lidl,Supermercado
2589,2026-06-26,despesa,1315,7-Eleven,Viagem
2590,2026-06-26,despesa,1181,Circle K Gas Station,Carro
2591,2026-06-26,despesa,671,Sidesaps,Viagem
2592,2026-06-26,receita,54,Amazon,Reembolso
2593,2026-06-26,despesa,1,To EUR Flexible Cash Funds,Transferências internas
2594,2026-06-26,despesa,47500,Transfer to Sladjana Karvounis,Viagem
2595,2026-06-26,despesa,60,To EUR Flexible Cash Funds,Transferências internas
2596,2026-06-26,despesa,53,To EUR Flexible Cash Funds,Transferências internas
2597,2026-06-26,receita,8,Interest earned - Flexible Cash Funds,Rendimentos
2598,2026-06-26,receita,2,Interest earned - Austrália 2027/2028,Rendimentos
2599,2026-06-27,despesa,1147,365discount,Viagem
2600,2026-06-27,despesa,3140,McDonald's,Alimentação fora
2601,2026-06-27,despesa,21,To EUR Flexible Cash Funds,Transferências internas
2602,2026-06-27,despesa,30,To EUR Flexible Cash Funds,Transferências internas
2603,2026-06-27,despesa,100,To EUR Flexible Cash Funds,Transferências internas
2604,2026-06-27,receita,8,Interest earned - Flexible Cash Funds,Rendimentos
2605,2026-06-27,receita,2,Interest earned - Austrália 2027/2028,Rendimentos
2606,2026-06-28,despesa,475,Danish Souvenirs,Viagem
2607,2026-06-28,despesa,1696,BRYGGENS SPISEHUS,Viagem
2608,2026-06-28,despesa,1500,Kittl,Marketing
2609,2026-06-28,receita,7,Interest earned - Flexible Cash Funds,Rendimentos
2610,2026-06-28,receita,2,Interest earned - Austrália 2027/2028,Rendimentos
2611,2026-06-29,despesa,1099,Google One,Assinaturas e Digital
2612,2026-06-29,despesa,3652,"Fidelidade Companhia Seguros,sa",Pets
2613,2026-06-29,receita,100000,From EUR Flexible Cash Funds,Transferências internas
2614,2026-06-29,despesa,78500,To Michael Quinn,Moradia
2615,2026-06-29,despesa,12,To EUR Flexible Cash Funds,Transferências internas
2616,2026-06-29,receita,8,Interest earned - Flexible Cash Funds,Rendimentos
2617,2026-06-29,receita,3,Interest earned - Austrália 2027/2028,Rendimentos
2618,2026-06-30,despesa,6988,ALDI,Supermercado
2619,2026-06-30,receita,8,Interest earned - Flexible Cash Funds,Rendimentos
2620,2026-06-30,receita,2,Interest earned - Austrália 2027/2028,Rendimentos
2621,2026-07-01,despesa,10000,To Joana Palminha,Transferências internas
2622,2026-07-01,receita,39200,Recebimento (Gabriel Garcia de Araujo) — contribuição para renda,Outras receitas
2623,2026-07-01,despesa,4700,Grove Island Sport And Leisure Facilities,Ginasio
2624,2026-07-01,despesa,66,To EUR Flexible Cash Funds,Transferências internas
2625,2026-07-01,despesa,35,To EUR Flexible Cash Funds,Transferências internas
2626,2026-07-01,receita,4,Interest earned - Flexible Cash Funds,Rendimentos
2627,2026-07-01,receita,2,Interest earned - Austrália 2027/2028,Rendimentos
2628,2026-07-02,despesa,15076,repayment,Empréstimos e Dívidas
2629,2026-07-02,despesa,65,Transport for Ireland - TFI,Transporte
2630,2026-07-02,despesa,434,SuperValu,Supermercado
2631,2026-07-02,despesa,50,To EUR Flexible Cash Funds,Transferências internas
2632,2026-07-02,receita,4,Interest earned - Flexible Cash Funds,Rendimentos
2633,2026-07-02,receita,2,Interest earned - Austrália 2027/2028,Rendimentos
2634,2026-07-03,despesa,2750,Locke Burger,Alimentação fora
2635,2026-07-03,despesa,24,To EUR Flexible Cash Funds,Transferências internas
2636,2026-07-03,despesa,30000,To EUR Flexible Cash Funds,Transferências internas
2637,2026-07-03,despesa,1,To EUR Flexible Cash Funds,Transferências internas
2638,2026-07-03,despesa,35,To EUR Flexible Cash Funds,Transferências internas
2639,2026-07-03,despesa,100,To EUR Flexible Cash Funds,Transferências internas
2640,2026-07-03,despesa,35,To EUR Flexible Cash Funds,Transferências internas
2641,2026-07-03,despesa,100,To EUR Flexible Cash Funds,Transferências internas
2642,2026-07-03,receita,50000,From EUR Flexible Cash Funds,Transferências internas
2643,2026-07-03,despesa,61031,Pagamento (Gabriel Garcia de Araujo) — seguro automóvel 123.ie do casal,Seguros
2644,2026-07-03,despesa,1599,NowTv,Assinaturas
2645,2026-07-03,receita,4,Interest earned - Flexible Cash Funds,Rendimentos
2646,2026-07-03,receita,3,Interest earned - Austrália 2027/2028,Rendimentos
2647,2026-07-04,despesa,7176,Irish Rail,Transporte
2648,2026-07-04,despesa,65,Transport for Ireland - TFI,Transporte
2649,2026-07-04,despesa,200,MadNes Festival,Alimentação
2650,2026-07-04,despesa,3365,Penneys,Compras e Roupa
2651,2026-07-04,receita,10000,From EUR Flexible Cash Funds,Transferências internas
2652,2026-07-04,despesa,100,To EUR Flexible Cash Funds,Transferências internas
2653,2026-07-04,despesa,100,To EUR Flexible Cash Funds,Transferências internas
2654,2026-07-04,receita,2100,From EUR Flexible Cash Funds,Transferências internas
2655,2026-07-04,receita,4,Interest earned - Flexible Cash Funds,Rendimentos
2656,2026-07-04,receita,2,Interest earned - Austrália 2027/2028,Rendimentos
2657,2026-07-05,despesa,2500,Cosgraves Butchers Om,Alimentação
2658,2026-07-05,despesa,16,To EUR Flexible Cash Funds,Transferências internas
2659,2026-07-05,despesa,500,Transport for Ireland - TFI,Transporte
2660,2026-07-05,despesa,2000,Ryans Locksmiths,Moradia
2661,2026-07-05,receita,2639,Recebimento (Gabriel Garcia de Araujo) — 50% de Revolut Bank UAB,Outras receitas
2662,2026-07-05,despesa,76,To EUR Flexible Cash Funds,Transferências internas
2663,2026-07-05,despesa,45,To EUR Flexible Cash Funds,Transferências internas
2664,2026-07-05,despesa,53,To EUR Flexible Cash Funds,Transferências internas
2665,2026-07-05,receita,4,Interest earned - Flexible Cash Funds,Rendimentos
2666,2026-07-05,receita,2,Interest earned - Austrália 2027/2028,Rendimentos
2667,2026-07-06,despesa,1047,Lidl,Supermercado
2668,2026-07-06,despesa,1355,Fine Wines,Lazer
2669,2026-07-06,despesa,284,Facebook,Assinaturas e Digital
2670,2026-07-06,despesa,324,Eason,Lazer
2671,2026-07-06,receita,20000,From EUR Flexible Cash Funds,Transferências internas
2672,2026-07-06,despesa,1,To EUR Flexible Cash Funds,Transferências internas
2673,2026-07-06,despesa,48,To EUR Flexible Cash Funds,Transferências internas
2674,2026-07-06,despesa,91,To EUR Flexible Cash Funds,Transferências internas
2675,2026-07-06,receita,146915,Payment from DR JOHN CLARKE,Salário
2676,2026-07-06,despesa,5000,To Sonia Maria Ferreira Costa,Outras despesas
2677,2026-07-06,despesa,130000,To EUR Flexible Cash Funds,Transferências internas
2678,2026-07-06,receita,4,Interest earned - Flexible Cash Funds,Rendimentos
2679,2026-07-06,receita,2,Interest earned - Austrália 2027/2028,Rendimentos
2680,2026-07-07,despesa,1199,Guineys,Compras e Roupa
2681,2026-07-07,despesa,7309,ALDI,Supermercado
2682,2026-07-07,despesa,6952,Superdrug,Saúde
2683,2026-07-07,despesa,5,To EUR Flexible Cash Funds,Transferências internas
2684,2026-07-07,despesa,100,To EUR Flexible Cash Funds,Transferências internas
2685,2026-07-07,despesa,59,To EUR Flexible Cash Funds,Transferências internas
2686,2026-07-07,receita,3,Interest earned - Flexible Cash Funds,Rendimentos
2687,2026-07-07,receita,3,Interest earned - Austrália 2027/2028,Rendimentos
2688,2026-07-08,despesa,2441,Dunnes Stores,Supermercado
2689,2026-07-08,despesa,1000,Dunnes Stores,Supermercado
2690,2026-07-08,despesa,295,flexjobs.com,Outras despesas
2691,2026-07-08,despesa,1,To EUR Flexible Cash Funds,Transferências internas
2692,2026-07-08,receita,7,Interest earned - Flexible Cash Funds,Rendimentos
2693,2026-07-08,receita,2,Interest earned - Austrália 2027/2028,Rendimentos
2694,2026-07-09,despesa,299,JobLeads,Outras despesas
2695,2026-07-09,receita,7,Interest earned - Flexible Cash Funds,Rendimentos
2696,2026-07-09,receita,2,Interest earned - Austrália 2027/2028,Rendimentos
2697,2026-07-10,despesa,12500,To EUR Flexible Cash Funds,Transferências internas
2698,2026-07-10,despesa,80,To EUR Flexible Cash Funds,Transferências internas
2699,2026-07-10,receita,334,Companhia Energética de Minas Gerais dividend,Rendimentos
2700,2026-07-10,receita,8,Interest earned - Flexible Cash Funds,Rendimentos
2701,2026-07-10,receita,2,Interest earned - Austrália 2027/2028,Rendimentos
2702,2026-07-11,receita,15000,From EUR Flexible Cash Funds,Transferências internas
2703,2026-07-11,despesa,19,To EUR Flexible Cash Funds,Transferências internas
2704,2026-07-11,despesa,23,To EUR Flexible Cash Funds,Transferências internas
2705,2026-07-11,despesa,55,To EUR Flexible Cash Funds,Transferências internas
2706,2026-07-11,receita,7,Interest earned - Flexible Cash Funds,Rendimentos
2707,2026-07-11,receita,3,Interest earned - Austrália 2027/2028,Rendimentos
2708,2026-07-12,despesa,1581,Temu,Compras e Roupa
2709,2026-07-12,despesa,145,ALDI,Supermercado
2710,2026-07-12,despesa,2077,Lidl,Supermercado
2711,2026-07-12,despesa,1,To EUR Flexible Cash Funds,Transferências internas
2712,2026-07-12,despesa,73,To EUR Flexible Cash Funds,Transferências internas
2713,2026-07-12,receita,7,Interest earned - Flexible Cash Funds,Rendimentos
2714,2026-07-12,receita,2,Interest earned - Austrália 2027/2028,Rendimentos
2715,2026-07-13,despesa,5327,Lidl,Supermercado
2716,2026-07-13,despesa,5299,Sports Direct,Compras e Roupa
2717,2026-07-13,receita,6000,From EUR Flexible Cash Funds,Transferências internas
2718,2026-07-13,receita,2000,From EUR Flexible Cash Funds,Transferências internas
2719,2026-07-13,despesa,44,To EUR Flexible Cash Funds,Transferências internas
2720,2026-07-13,despesa,32,To EUR Flexible Cash Funds,Transferências internas
2721,2026-07-13,despesa,1000,To Sonia Maria Ferreira Costa,Outras despesas
2722,2026-07-13,receita,7,Interest earned - Flexible Cash Funds,Rendimentos
2723,2026-07-13,receita,2,Interest earned - Austrália 2027/2028,Rendimentos
2724,2026-07-14,receita,3000,From EUR Flexible Cash Funds,Transferências internas
2725,2026-07-14,receita,2000,From EUR Flexible Cash Funds,Transferências internas
2726,2026-07-14,despesa,60,To EUR Flexible Cash Funds,Transferências internas
2727,2026-07-14,despesa,868,SuperValu,Supermercado
2728,2026-07-14,despesa,5040,Temu,Compras e Roupa
2729,2026-07-14,receita,7000,From EUR Flexible Cash Funds,Transferências internas
2730,2026-07-14,receita,8,Interest earned - Flexible Cash Funds,Rendimentos
2731,2026-07-14,receita,3,Interest earned - Austrália 2027/2028,Rendimentos
2732,2026-07-15,despesa,6456,Amazon,Compras e Roupa
2733,2026-07-15,despesa,1500,To Sonia Maria Ferreira Costa,Outras despesas
2734,2026-07-15,receita,6,Interest earned - Flexible Cash Funds,Rendimentos
2735,2026-07-15,receita,2,Interest earned - Austrália 2027/2028,Rendimentos
2736,2026-07-16,receita,59650,Recebimento (Gabriel Garcia de Araujo) — seguro automóvel 123.ie do casal,Outras receitas
2737,2026-07-16,despesa,60000,To EUR Flexible Cash Funds,Transferências internas
2738,2026-07-16,despesa,76,To EUR Flexible Cash Funds,Transferências internas
2739,2026-07-16,receita,7,Interest earned - Flexible Cash Funds,Rendimentos
2740,2026-07-16,receita,2,Interest earned - Austrália 2027/2028,Rendimentos
2741,2026-07-17,despesa,1524,LinkedIn,Outras despesas
2742,2026-07-17,receita,10000,From EUR Flexible Cash Funds,Transferências internas
2743,2026-07-17,despesa,50,To EUR Flexible Cash Funds,Transferências internas
2744,2026-07-17,despesa,15,To EUR Flexible Cash Funds,Transferências internas
2745,2026-07-17,receita,5000,From EUR Flexible Cash Funds,Transferências internas
2746,2026-07-17,despesa,99,To EUR Flexible Cash Funds,Transferências internas
2747,2026-07-17,despesa,100,To EUR Flexible Cash Funds,Transferências internas
2748,2026-07-17,receita,6,Interest earned - Flexible Cash Funds,Rendimentos
2749,2026-07-17,receita,3,Interest earned - Austrália 2027/2028,Rendimentos
2750,2026-07-18,despesa,3901,Superdrug,Saúde
2751,2026-07-18,despesa,7050,CEWE,Compras
2752,2026-07-18,despesa,2300,Chatgpt,Marketing
2753,2026-07-18,receita,3800,From EUR Flexible Cash Funds,Transferências internas
2754,2026-07-18,despesa,485,Costa Coffee,Alimentação fora
2755,2026-07-18,despesa,21,To EUR Flexible Cash Funds,Transferências internas
2756,2026-07-18,despesa,100,To EUR Flexible Cash Funds,Transferências internas
2757,2026-07-18,receita,5000,From EUR Flexible Cash Funds,Transferências internas
2758,2026-07-18,receita,1000,From EUR Flexible Cash Funds,Transferências internas
2759,2026-07-18,despesa,32,To EUR Flexible Cash Funds,Transferências internas
2760,2026-07-18,receita,9,Interest earned - Flexible Cash Funds,Rendimentos
2761,2026-07-18,receita,2,Interest earned - Austrália 2027/2028,Rendimentos
2762,2026-07-19,despesa,888,Creator Social,Educação
2763,2026-07-19,despesa,8668,Lidl,Supermercado
2764,2026-07-19,despesa,300,Penneys,Compras e Roupa
2765,2026-07-19,receita,3000,From EUR Flexible Cash Funds,Transferências internas
2766,2026-07-19,despesa,50,To EUR Flexible Cash Funds,Transferências internas
2767,2026-07-19,despesa,25,To EUR Flexible Cash Funds,Transferências internas
2768,2026-07-19,despesa,35,To EUR Flexible Cash Funds,Transferências internas
2769,2026-07-19,receita,1500,From EUR Flexible Cash Funds,Transferências internas
2770,2026-07-19,despesa,3000,To Sonia Maria Ferreira Costa,Outras despesas
2771,2026-07-19,receita,9,Interest earned - Flexible Cash Funds,Rendimentos
2772,2026-07-19,receita,2,Interest earned - Austrália 2027/2028,Rendimentos
2773,2026-07-20,despesa,475,The Card Company,Outras despesas
2774,2026-07-20,despesa,65,Transport for Ireland - TFI,Transporte
2775,2026-07-20,despesa,1850,Omniplex,Lazer
2776,2026-07-20,receita,2664,Recebimento (Gabriel Garcia de Araujo) — 50% de Lidl,Outras receitas
2777,2026-07-20,receita,146917,Payment from DR JOHN CLARKE,Salário
2778,2026-07-20,receita,80000,From EUR Flexible Cash Funds,Transferências internas
2779,2026-07-20,despesa,180000,To EUR Flexible Cash Funds,Transferências internas
2780,2026-07-20,despesa,95,To EUR Flexible Cash Funds,Transferências internas
2781,2026-07-20,receita,8,Interest earned - Flexible Cash Funds,Rendimentos
2782,2026-07-20,receita,3,Interest earned - Austrália 2027/2028,Rendimentos
2783,2026-07-21,despesa,72,To EUR Flexible Cash Funds,Transferências internas
2784,2026-07-21,despesa,44,To EUR Flexible Cash Funds,Transferências internas
2785,2026-07-21,despesa,8528,Digital Empires Ug,Assinaturas e Digital
2786,2026-07-21,despesa,1056,Digital Empires Ug,Assinaturas e Digital
2787,2026-07-21,despesa,705,Maria Wendt,Marketing
2788,2026-07-21,despesa,35,To EUR Flexible Cash Funds,Transferências internas
2789,2026-07-21,despesa,55,To EUR Flexible Cash Funds,Transferências internas
2790,2026-07-21,receita,8,Interest earned - Flexible Cash Funds,Rendimentos
2791,2026-07-21,receita,2,Interest earned - Austrália 2027/2028,Rendimentos
2792,2026-07-22,despesa,65,Transport for Ireland - TFI,Transporte
2793,2026-07-22,despesa,2645,Lovart,Marketing
2794,2026-07-22,receita,12,Interest earned - Flexible Cash Funds,Rendimentos
2795,2026-07-22,receita,2,Interest earned - Austrália 2027/2028,Rendimentos
2796,2026-07-23,receita,11,Interest earned - Flexible Cash Funds,Rendimentos
2797,2026-07-23,receita,2,Interest earned - Austrália 2027/2028,Rendimentos
2798,2026-07-24,despesa,14,To EUR Flexible Cash Funds,Transferências internas
2799,2026-07-24,despesa,1,To EUR Flexible Cash Funds,Transferências internas
2800,2026-07-24,despesa,71,To EUR Flexible Cash Funds,Transferências internas
2801,2026-07-24,despesa,90,To EUR Flexible Cash Funds,Transferências internas
2802,2026-07-24,receita,12,Interest earned - Flexible Cash Funds,Rendimentos
2803,2026-07-24,receita,3,Interest earned - Austrália 2027/2028,Rendimentos
2804,2026-07-25,despesa,1499,Guineys,Compras e Roupa
2805,2026-07-25,despesa,4486,Lidl,Supermercado
2806,2026-07-25,despesa,1629,Tesco,Supermercado
2807,2026-07-25,despesa,310,Fine Wines,Lazer
2808,2026-07-25,receita,12,Interest earned - Flexible Cash Funds,Rendimentos
2809,2026-07-25,receita,2,Interest earned - Austrália 2027/2028,Rendimentos
2810,2026-07-26,despesa,35,To EUR Flexible Cash Funds,Transferências internas
2811,2026-07-26,despesa,75,To EUR Flexible Cash Funds,Transferências internas
2812,2026-07-26,receita,11,Interest earned - Flexible Cash Funds,Rendimentos
2813,2026-07-26,receita,2,Interest earned - Austrália 2027/2028,Rendimentos
2814,2026-07-27,despesa,65,Transport for Ireland - TFI,Transporte
2815,2026-07-27,despesa,1237,Vercel,Marketing
2816,2026-07-27,despesa,78,To EUR Flexible Cash Funds,Transferências internas
2817,2026-07-27,receita,39200,Recebimento (Gabriel Garcia de Araujo) — contribuição para renda,Outras receitas
2818,2026-07-27,receita,12,Interest earned - Flexible Cash Funds,Rendimentos
2819,2026-07-27,receita,3,Interest earned - Austrália 2027/2028,Rendimentos
2820,2026-07-28,despesa,7822,Lidl,Supermercado
2821,2026-07-28,despesa,3652,"Fidelidade Companhia Seguros,sa",Pets
2822,2026-07-28,receita,35000,From EUR Flexible Cash Funds,Transferências internas
2823,2026-07-28,despesa,73,To EUR Flexible Cash Funds,Transferências internas
2824,2026-07-28,receita,12,Interest earned - Flexible Cash Funds,Rendimentos
2825,2026-07-28,receita,2,Interest earned - Austrália 2027/2028,Rendimentos
2826,2026-07-29,despesa,78500,To Michael Quinn,Moradia
2827,2026-07-29,despesa,1827,Lovart,Marketing
2828,2026-07-29,despesa,35,To EUR Flexible Cash Funds,Transferências internas
2829,2026-07-29,despesa,50,To EUR Flexible Cash Funds,Transferências internas
2830,2026-07-29,receita,11,Interest earned - Flexible Cash Funds,Rendimentos
2831,2026-07-29,receita,2,Interest earned - Austrália 2027/2028,Rendimentos
2832,2026-07-30,despesa,65,Transport for Ireland - TFI,Transporte
2833,2026-07-30,despesa,100,To EUR Flexible Cash Funds,Transferências internas
2834,2026-07-30,despesa,250,SuperValu,Supermercado
2835,2026-07-30,despesa,1700,Stan Paula Xcsauf,Compras
2836,2026-07-30,receita,5900,From EUR Flexible Cash Funds,Transferências internas
2837,2026-07-30,despesa,5000,To Sonia Maria Ferreira Costa,Outras despesas
2838,2026-07-30,despesa,10000,To Joana Palminha,Transferências internas
2839,2026-07-30,receita,11,Interest earned - Flexible Cash Funds,Rendimentos
2840,2026-07-30,receita,3,Interest earned - Austrália 2027/2028,Rendimentos
2841,2026-07-31,receita,1500,From EUR Flexible Cash Funds,Transferências internas
2842,2026-07-31,despesa,100,To EUR Flexible Cash Funds,Transferências internas
2843,2026-07-31,despesa,100,To EUR Flexible Cash Funds,Transferências internas
2844,2026-07-31,receita,10,Interest earned - Flexible Cash Funds,Rendimentos
2845,2026-07-31,receita,2,Interest earned - Austrália 2027/2028,Rendimentos
2846,2026-08-01,despesa,1100,bikeshare,Transporte
2847,2026-08-01,receita,10,Interest earned - Flexible Cash Funds,Rendimentos
2848,2026-08-01,receita,2,Interest earned - Austrália 2027/2028,Rendimentos
2849,2026-08-02,despesa,35,To EUR Flexible Cash Funds,Transferências internas
2850,2026-08-02,despesa,35,To EUR Flexible Cash Funds,Transferências internas
2851,2026-08-02,receita,4700,From EUR Flexible Cash Funds,Transferências internas
2852,2026-08-02,receita,10,Interest earned - Flexible Cash Funds,Rendimentos
2853,2026-08-02,receita,2,Interest earned - Austrália 2027/2028,Rendimentos
2854,2026-08-03,despesa,65,Transport for Ireland - TFI,Transporte
2855,2026-08-03,despesa,65,Transport for Ireland - TFI,Transporte
2856,2026-08-03,receita,10,Interest earned - Flexible Cash Funds,Rendimentos
2857,2026-08-03,receita,3,Interest earned - Austrália 2027/2028,Rendimentos
2858,2026-08-03,despesa,4700,"Ajuste pós-extrato: saldo CSV €47,08; saldo atual €0,08",Outras despesas
